date,title,source,date_raw,title_clean,title_lower
2025-03-03 08:00:00+00:00,3 Cheap Tech Stocks to Buy Right Now - The Motley Fool,The Motley Fool,"Mon, 03 Mar 2025 08:00:00 GMT",3 Cheap Tech Stocks to Buy Right Now,3 cheap tech stocks to buy right now
2025-03-04 08:00:00+00:00,U.S. stock markets plunge as Trump's tariffs spark fears about a trade war - NPR,NPR,"Tue, 04 Mar 2025 08:00:00 GMT",U.S. stock markets plunge as Trump's tariffs spark fears about a trade war,u.s. stock markets plunge as trump's tariffs spark fears about a trade war
2025-03-04 08:00:00+00:00,Tech stocks are down 7% since Trump's inauguration as trade war fuels uncertainty - CNBC,CNBC,"Tue, 04 Mar 2025 08:00:00 GMT",Tech stocks are down 7% since Trump's inauguration as trade war fuels uncertainty,tech stocks are down 7% since trump's inauguration as trade war fuels uncertainty
2025-03-04 08:00:00+00:00,Nasdaq nears correction territory dragged down by trade tensions - Reuters,Reuters,"Tue, 04 Mar 2025 08:00:00 GMT",Nasdaq nears correction territory dragged down by trade tensions,nasdaq nears correction territory dragged down by trade tensions
2025-03-04 08:00:00+00:00,"Asian tech stocks fall as Trump doubles down on tariffs, keeping investors on edge - CNBC",CNBC,"Tue, 04 Mar 2025 08:00:00 GMT","Asian tech stocks fall as Trump doubles down on tariffs, keeping investors on edge","asian tech stocks fall as trump doubles down on tariffs, keeping investors on edge"
2025-03-04 08:00:00+00:00,"Dow tumbles again, loses more than 1,300 points in two days as Trump ignites trade war: Live updates - CNBC",CNBC,"Tue, 04 Mar 2025 08:00:00 GMT","Dow tumbles again, loses more than 1,300 points in two days as Trump ignites trade war: Live updates","dow tumbles again, loses more than 1,300 points in two days as trump ignites trade war: live updates"
2025-03-04 08:00:00+00:00,Wall Street falls again as losses wipe out all post-election gains for the S&P 500 - AP News,AP News,"Tue, 04 Mar 2025 08:00:00 GMT",Wall Street falls again as losses wipe out all post,wall street falls again as losses wipe out all post
2025-03-06 08:00:00+00:00,US stocks slide and Nasdaq enters correction as chaos over Trump’s tariffs intensifies - CNN,CNN,"Thu, 06 Mar 2025 08:00:00 GMT",US stocks slide and Nasdaq enters correction as chaos over Trump’s tariffs intensifies,us stocks slide and nasdaq enters correction as chaos over trump’s tariffs intensifies
2025-03-06 08:00:00+00:00,Nasdaq confirms correction amid US trade policy uncertainty - Reuters,Reuters,"Thu, 06 Mar 2025 08:00:00 GMT",Nasdaq confirms correction amid US trade policy uncertainty,nasdaq confirms correction amid us trade policy uncertainty
2025-03-06 08:00:00+00:00,US stocks sink on tech sell-off and tariff worries - Financial Times,Financial Times,"Thu, 06 Mar 2025 08:00:00 GMT",US stocks sink on tech sell,us stocks sink on tech sell
2025-03-06 08:00:00+00:00,"Stock market today: Nasdaq enters correction, S&P 500 sinks to lowest since November as stocks get clobbered on Trump tariff whiplash - Yahoo Finance",Yahoo Finance,"Thu, 06 Mar 2025 08:00:00 GMT","Stock market today: Nasdaq enters correction, S&P 500 sinks to lowest since November as stocks get clobbered on Trump tariff whiplash","stock market today: nasdaq enters correction, s&p 500 sinks to lowest since november as stocks get clobbered on trump tariff whiplash"
2025-03-06 08:00:00+00:00,"So long, Trump bump: Tech stocks wipe out last of post-election gains - CNBC",CNBC,"Thu, 06 Mar 2025 08:00:00 GMT","So long, Trump bump: Tech stocks wipe out last of post","so long, trump bump: tech stocks wipe out last of post"
2025-03-06 10:37:40+00:00,What We’ve Learned From 150 Years of Stock Market Crashes - Morningstar,Morningstar,"Thu, 06 Mar 2025 10:37:40 GMT",What We’ve Learned From 150 Years of Stock Market Crashes,what we’ve learned from 150 years of stock market crashes
2025-03-07 08:00:00+00:00,Stock market today: Wall Street ends its wild week with what else but more swings - AP News,AP News,"Fri, 07 Mar 2025 08:00:00 GMT",Stock market today: Wall Street ends its wild week with what else but more swings,stock market today: wall street ends its wild week with what else but more swings
2025-03-07 08:00:00+00:00,Nasdaq wants to launch 24-hour trading Monday through Friday. Here are the challenges it faces. - MarketWatch,MarketWatch,"Fri, 07 Mar 2025 08:00:00 GMT",Nasdaq wants to launch 24,nasdaq wants to launch 24
2025-03-07 08:00:00+00:00,Nasdaq Plans to Launch 24-Hour Trading Next Year - Investopedia,Investopedia,"Fri, 07 Mar 2025 08:00:00 GMT",Nasdaq Plans to Launch 24,nasdaq plans to launch 24
2025-03-07 08:00:00+00:00,Nasdaq could move to 24/5 stock trading with new market hours. Here's why that will be challenging - Fast Company,Fast Company,"Fri, 07 Mar 2025 08:00:00 GMT",Nasdaq could move to 24/5 stock trading with new market hours. Here's why that will be challenging,nasdaq could move to 24/5 stock trading with new market hours. here's why that will be challenging
2025-03-07 08:00:00+00:00,Nasdaq stock market plans move to 24-hour trading in US - Fierce Biotech,Fierce Biotech,"Fri, 07 Mar 2025 08:00:00 GMT",Nasdaq stock market plans move to 24,nasdaq stock market plans move to 24
2025-03-07 08:00:00+00:00,Nasdaq Joins Exchanges In Move to Round-the-Clock Trading - Yahoo Finance,Yahoo Finance,"Fri, 07 Mar 2025 08:00:00 GMT",Nasdaq Joins Exchanges In Move to Round,nasdaq joins exchanges in move to round
2025-03-07 08:00:00+00:00,Nasdaq joins in race to offer 24-hour equity trading - Financial Times,Financial Times,"Fri, 07 Mar 2025 08:00:00 GMT",Nasdaq joins in race to offer 24,nasdaq joins in race to offer 24
2025-03-10 07:00:00+00:00,"Big Tech stocks fall: It may be time to buy, strategist argues - Yahoo Finance",Yahoo Finance,"Mon, 10 Mar 2025 07:00:00 GMT","Big Tech stocks fall: It may be time to buy, strategist argues","big tech stocks fall: it may be time to buy, strategist argues"
2025-03-10 07:00:00+00:00,Nasdaq 100 Sheds $1.1 Trillion in Value as Tech Meltdown Spreads - Bloomberg,Bloomberg,"Mon, 10 Mar 2025 07:00:00 GMT",Nasdaq 100 Sheds $1.1 Trillion in Value as Tech Meltdown Spreads,nasdaq 100 sheds $1.1 trillion in value as tech meltdown spreads
2025-03-10 07:00:00+00:00,"Stock Market News, March 10, 2025: Nasdaq Falls 4% After Trump Doesn't Rule Out Recession - WSJ",WSJ,"Mon, 10 Mar 2025 07:00:00 GMT","Stock Market News, March 10, 2025: Nasdaq Falls 4% After Trump Doesn't Rule Out Recession","stock market news, march 10, 2025: nasdaq falls 4% after trump doesn't rule out recession"
2025-03-10 07:00:00+00:00,NYSE and Nasdaq monthly market cap of listed companies comparison 2018-2025 - Statista,Statista,"Mon, 10 Mar 2025 07:00:00 GMT",NYSE and Nasdaq monthly market cap of listed companies comparison 2018,nyse and nasdaq monthly market cap of listed companies comparison 2018
2025-03-10 07:00:00+00:00,"Stock market today: Dow sinks 900 points, Nasdaq plunges 4% in worst day since 2022 - Yahoo Finance",Yahoo Finance,"Mon, 10 Mar 2025 07:00:00 GMT","Stock market today: Dow sinks 900 points, Nasdaq plunges 4% in worst day since 2022","stock market today: dow sinks 900 points, nasdaq plunges 4% in worst day since 2022"
2025-03-11 07:00:00+00:00,"Dow plunges more than 1,000 points, Nasdaq craters as recession fears batter stocks - CBS News",CBS News,"Tue, 11 Mar 2025 07:00:00 GMT","Dow plunges more than 1,000 points, Nasdaq craters as recession fears batter stocks","dow plunges more than 1,000 points, nasdaq craters as recession fears batter stocks"
2025-03-11 07:00:00+00:00,Stocks close out volatile day as investors say market is ‘sick and tired’ of Trump’s tariff chaos - CNN,CNN,"Tue, 11 Mar 2025 07:00:00 GMT",Stocks close out volatile day as investors say market is ‘sick and tired’ of Trump’s tariff chaos,stocks close out volatile day as investors say market is ‘sick and tired’ of trump’s tariff chaos
2025-03-11 07:00:00+00:00,US stock market loses $4 trillion in value as Trump plows ahead on tariffs - Reuters,Reuters,"Tue, 11 Mar 2025 07:00:00 GMT",US stock market loses $4 trillion in value as Trump plows ahead on tariffs,us stock market loses $4 trillion in value as trump plows ahead on tariffs
2025-03-12 07:00:00+00:00,"Stock market today: Tech rally leads Nasdaq, S&P 500 higher as Tesla, Nvidia surge after cool CPI print - Yahoo Finance",Yahoo Finance,"Wed, 12 Mar 2025 07:00:00 GMT","Stock market today: Tech rally leads Nasdaq, S&P 500 higher as Tesla, Nvidia surge after cool CPI print","stock market today: tech rally leads nasdaq, s&p 500 higher as tesla, nvidia surge after cool cpi print"
2025-03-13 07:00:00+00:00,Tech stocks keep tumbling this year. Here’s why - Los Angeles Times,Los Angeles Times,"Thu, 13 Mar 2025 07:00:00 GMT",Tech stocks keep tumbling this year. Here’s why,tech stocks keep tumbling this year. here’s why
2025-03-13 07:00:00+00:00,Closing Time for 24-Hour Equity Markets - Nasdaq,Nasdaq,"Thu, 13 Mar 2025 07:00:00 GMT",Closing Time for 24,closing time for 24
2025-03-14 07:00:00+00:00,"Stock market today: Dow, S&P 500 soar, Nasdaq rebounds in best day since November to cap volatile week - Yahoo Finance",Yahoo Finance,"Fri, 14 Mar 2025 07:00:00 GMT","Stock market today: Dow, S&P 500 soar, Nasdaq rebounds in best day since November to cap volatile week","stock market today: dow, s&p 500 soar, nasdaq rebounds in best day since november to cap volatile week"
2025-03-18 07:00:00+00:00,Governor Abbott Touts Texas Economic Success At Nasdaq Luncheon In Dallas - Office of the Texas Governor (.gov),Office of the Texas Governor (.gov),"Tue, 18 Mar 2025 07:00:00 GMT",Governor Abbott Touts Texas Economic Success At Nasdaq Luncheon In Dallas,governor abbott touts texas economic success at nasdaq luncheon in dallas
2025-03-18 07:00:00+00:00,Nasdaq Plans Second U.S. Headquarters in Texas - WSJ,WSJ,"Tue, 18 Mar 2025 07:00:00 GMT",Nasdaq Plans Second U.S. Headquarters in Texas,nasdaq plans second u.s. headquarters in texas
2025-03-18 07:00:00+00:00,Nasdaq to open new Texas headquarters as companies relocate to state - Reuters,Reuters,"Tue, 18 Mar 2025 07:00:00 GMT",Nasdaq to open new Texas headquarters as companies relocate to state,nasdaq to open new texas headquarters as companies relocate to state
2025-03-20 07:00:00+00:00,Is the Stock Market Cheap Yet? - Morningstar,Morningstar,"Thu, 20 Mar 2025 07:00:00 GMT",Is the Stock Market Cheap Yet?,is the stock market cheap yet?
2025-03-21 07:00:00+00:00,"Stock market today: Wall Street closes higher, snapping a 4-week losing streak - AP News",AP News,"Fri, 21 Mar 2025 07:00:00 GMT","Stock market today: Wall Street closes higher, snapping a 4","stock market today: wall street closes higher, snapping a 4"
2025-03-24 07:00:00+00:00,Stock market today: Wall Street gains ground after shaking off four-week losing streak - AP News,AP News,"Mon, 24 Mar 2025 07:00:00 GMT",Stock market today: Wall Street gains ground after shaking off four,stock market today: wall street gains ground after shaking off four
2025-03-24 07:00:00+00:00,Nikola Corporation Announces Intent to Voluntarily Delist from Nasdaq and Deregister with the SEC - nikolamotor.com,nikolamotor.com,"Mon, 24 Mar 2025 07:00:00 GMT",Nikola Corporation Announces Intent to Voluntarily Delist from Nasdaq and Deregister with the SEC,nikola corporation announces intent to voluntarily delist from nasdaq and deregister with the sec
2025-03-24 08:30:04+00:00,New Nasdaq and NYSE rules on use of reverse stock splits - Norton Rose Fulbright,Norton Rose Fulbright,"Mon, 24 Mar 2025 08:30:04 GMT",New Nasdaq and NYSE rules on use of reverse stock splits,new nasdaq and nyse rules on use of reverse stock splits
2025-03-25 07:00:00+00:00,Meet the Only Stock I've Purchased During the Nasdaq Correction - Nasdaq,Nasdaq,"Tue, 25 Mar 2025 07:00:00 GMT",Meet the Only Stock I've Purchased During the Nasdaq Correction,meet the only stock i've purchased during the nasdaq correction
2025-03-26 07:00:00+00:00,"Stock Market News, March 26, 2025: Nasdaq Falls; Nvidia, Tesla Drop More Than 5% - WSJ",WSJ,"Wed, 26 Mar 2025 07:00:00 GMT","Stock Market News, March 26, 2025: Nasdaq Falls; Nvidia, Tesla Drop More Than 5%","stock market news, march 26, 2025: nasdaq falls; nvidia, tesla drop more than 5%"
2025-03-26 07:00:00+00:00,Why are tech stocks so volatile? - BBC,BBC,"Wed, 26 Mar 2025 07:00:00 GMT",Why are tech stocks so volatile?,why are tech stocks so volatile?
2025-03-26 07:00:00+00:00,"The stock market is not the economy, but this time they really are sinking together - Economic Policy Institute",Economic Policy Institute,"Wed, 26 Mar 2025 07:00:00 GMT","The stock market is not the economy, but this time they really are sinking together","the stock market is not the economy, but this time they really are sinking together"
2025-03-27 07:00:00+00:00,Stock Market Outlook: Where We See Opportunities in Q2 - Morningstar,Morningstar,"Thu, 27 Mar 2025 07:00:00 GMT",Stock Market Outlook: Where We See Opportunities in Q2,stock market outlook: where we see opportunities in q2
2025-03-27 07:00:00+00:00,"Stock Market News for March 27, 2025 : Dow, S&P 500 and Nasdaq end lower as investors focus on tariffs, Friday's PCE inflation data - MarketWatch",MarketWatch,"Thu, 27 Mar 2025 07:00:00 GMT","Stock Market News for March 27, 2025 : Dow, S&P 500 and Nasdaq end lower as investors focus on tariffs, Friday's PCE inflation data","stock market news for march 27, 2025 : dow, s&p 500 and nasdaq end lower as investors focus on tariffs, friday's pce inflation data"
2025-03-28 07:00:00+00:00,"Stock Market on March 28, 2025: Dow, S&P 500, Nasdaq see worst day in almost three weeks after inflation, consumer-sentiment reports; stocks post weekly drop to deepen March losses ahead of reciprocal tariffs - MarketWatch",MarketWatch,"Fri, 28 Mar 2025 07:00:00 GMT","Stock Market on March 28, 2025: Dow, S&P 500, Nasdaq see worst day in almost three weeks after inflation, consumer","stock market on march 28, 2025: dow, s&p 500, nasdaq see worst day in almost three weeks after inflation, consumer"
2025-03-30 07:00:00+00:00,Hang Seng tech index slides into correction territory after strong rally as tariff worries sour mood - CNBC,CNBC,"Sun, 30 Mar 2025 07:00:00 GMT",Hang Seng tech index slides into correction territory after strong rally as tariff worries sour mood,hang seng tech index slides into correction territory after strong rally as tariff worries sour mood
2025-03-31 07:00:00+00:00,Stocks close out their worst quarter since 2022 amid tariff uncertainty - NBC News,NBC News,"Mon, 31 Mar 2025 07:00:00 GMT",Stocks close out their worst quarter since 2022 amid tariff uncertainty,stocks close out their worst quarter since 2022 amid tariff uncertainty
2025-03-31 07:00:00+00:00,"S&P, Nasdaq post big quarterly percentage drops on Trump tariff turmoil - Reuters",Reuters,"Mon, 31 Mar 2025 07:00:00 GMT","S&P, Nasdaq post big quarterly percentage drops on Trump tariff turmoil","s&p, nasdaq post big quarterly percentage drops on trump tariff turmoil"
2025-03-31 07:00:00+00:00,Recent NYSE and Nasdaq Regulatory Updates Regarding Reverse Stock Splits - Hunton Andrews Kurth LLP,Hunton Andrews Kurth LLP,"Mon, 31 Mar 2025 07:00:00 GMT",Recent NYSE and Nasdaq Regulatory Updates Regarding Reverse Stock Splits,recent nyse and nasdaq regulatory updates regarding reverse stock splits
2025-03-31 07:00:00+00:00,"Hedge funds are selling off global tech stocks at fastest pace in 6 months, Goldman Sachs says - Fortune",Fortune,"Mon, 31 Mar 2025 07:00:00 GMT","Hedge funds are selling off global tech stocks at fastest pace in 6 months, Goldman Sachs says","hedge funds are selling off global tech stocks at fastest pace in 6 months, goldman sachs says"
2025-04-02 07:00:00+00:00,First Quarter 2025 Review & Outlook - Nasdaq,Nasdaq,"Wed, 02 Apr 2025 07:00:00 GMT",First Quarter 2025 Review & Outlook,first quarter 2025 review & outlook
2025-04-02 07:00:00+00:00,Apple leads a drop in tech stocks after Trump tariff announcement - CNBC,CNBC,"Wed, 02 Apr 2025 07:00:00 GMT",Apple leads a drop in tech stocks after Trump tariff announcement,apple leads a drop in tech stocks after trump tariff announcement
2025-04-02 07:00:00+00:00,"Stock Market News For Apr 2, 2025 - Nasdaq",Nasdaq,"Wed, 02 Apr 2025 07:00:00 GMT","Stock Market News For Apr 2, 2025","stock market news for apr 2, 2025"
2025-04-02 07:00:00+00:00,Is the Bull Market Broken? - Morgan Stanley,Morgan Stanley,"Wed, 02 Apr 2025 07:00:00 GMT",Is the Bull Market Broken?,is the bull market broken?
2025-04-03 07:00:00+00:00,Apple leads decline in tech stocks as market reacts to Trump's tariffs - Fortune,Fortune,"Thu, 03 Apr 2025 07:00:00 GMT",Apple leads decline in tech stocks as market reacts to Trump's tariffs,apple leads decline in tech stocks as market reacts to trump's tariffs
2025-04-03 07:00:00+00:00,"Stock market today: Dow plunges 1,700 points, Nasdaq, S&P 500 pummeled in biggest rout since 2020 - Yahoo Finance",Yahoo Finance,"Thu, 03 Apr 2025 07:00:00 GMT","Stock market today: Dow plunges 1,700 points, Nasdaq, S&P 500 pummeled in biggest rout since 2020","stock market today: dow plunges 1,700 points, nasdaq, s&p 500 pummeled in biggest rout since 2020"
2025-04-03 07:00:00+00:00,Magnificent 7 relinquishes more than $1 trillion as tech drives stock market nosedive - CNBC,CNBC,"Thu, 03 Apr 2025 07:00:00 GMT",Magnificent 7 relinquishes more than $1 trillion as tech drives stock market nosedive,magnificent 7 relinquishes more than $1 trillion as tech drives stock market nosedive
2025-04-03 07:00:00+00:00,"Tech stocks have worst day since Covid pandemic, led by plunge in Apple - CNBC",CNBC,"Thu, 03 Apr 2025 07:00:00 GMT","Tech stocks have worst day since Covid pandemic, led by plunge in Apple","tech stocks have worst day since covid pandemic, led by plunge in apple"
2025-04-03 07:00:00+00:00,"Dow drops 1,600 as US stocks lead worldwide sell-off after Trump’s tariffs cause a COVID-like shock - AP News",AP News,"Thu, 03 Apr 2025 07:00:00 GMT","Dow drops 1,600 as US stocks lead worldwide sell","dow drops 1,600 as us stocks lead worldwide sell"
2025-04-04 07:00:00+00:00,"Stock market today: Dow plunges 2,200 points, Nasdaq enters bear market as Trump tariffs spark worst meltdown since 2020 - Yahoo Finance",Yahoo Finance,"Fri, 04 Apr 2025 07:00:00 GMT","Stock market today: Dow plunges 2,200 points, Nasdaq enters bear market as Trump tariffs spark worst meltdown since 2020","stock market today: dow plunges 2,200 points, nasdaq enters bear market as trump tariffs spark worst meltdown since 2020"
2025-04-04 07:00:00+00:00,"Trump tariff tailspin worsens, Nasdaq confirms in bear market - Reuters",Reuters,"Fri, 04 Apr 2025 07:00:00 GMT","Trump tariff tailspin worsens, Nasdaq confirms in bear market","trump tariff tailspin worsens, nasdaq confirms in bear market"
2025-04-04 07:00:00+00:00,"Stock Market News For Apr 4, 2025 - Nasdaq",Nasdaq,"Fri, 04 Apr 2025 07:00:00 GMT","Stock Market News For Apr 4, 2025","stock market news for apr 4, 2025"
2025-04-04 07:00:00+00:00,"Feeling queasy about the stock market? Think twice before selling, financial advisers say - PBS",PBS,"Fri, 04 Apr 2025 07:00:00 GMT","Feeling queasy about the stock market? Think twice before selling, financial advisers say","feeling queasy about the stock market? think twice before selling, financial advisers say"
2025-04-04 07:00:00+00:00,U.S. stocks see biggest 2-day wipeout in history in wake of Trump’s tariffs - MarketWatch,MarketWatch,"Fri, 04 Apr 2025 07:00:00 GMT",U.S. stocks see biggest 2,u.s. stocks see biggest 2
2025-04-04 07:00:00+00:00,"Dow plunges 2,200 points as tariff tumult rocks markets - CNN",CNN,"Fri, 04 Apr 2025 07:00:00 GMT","Dow plunges 2,200 points as tariff tumult rocks markets","dow plunges 2,200 points as tariff tumult rocks markets"
2025-04-04 07:00:00+00:00,"Stock Market on April 4, 2025: Dow plunges 2,231 points into correction territory while Nasdaq enters bear market; S&P 500 books biggest weekly drop since 2020 as China retaliates on tariffs. - MarketWatch",MarketWatch,"Fri, 04 Apr 2025 07:00:00 GMT","Stock Market on April 4, 2025: Dow plunges 2,231 points into correction territory while Nasdaq enters bear market; S&P 500 books biggest weekly drop since 2020 as China retaliates on tariffs.","stock market on april 4, 2025: dow plunges 2,231 points into correction territory while nasdaq enters bear market; s&p 500 books biggest weekly drop since 2020 as china retaliates on tariffs."
2025-04-05 07:00:00+00:00,"Could Investing $25,000 in the Nasdaq-100 Make You a Millionaire? - Nasdaq",Nasdaq,"Sat, 05 Apr 2025 07:00:00 GMT","Could Investing $25,000 in the Nasdaq","could investing $25,000 in the nasdaq"
2025-04-06 07:00:00+00:00,History Says the Best Time to Buy Stocks May Be Coming - Nasdaq,Nasdaq,"Sun, 06 Apr 2025 07:00:00 GMT",History Says the Best Time to Buy Stocks May Be Coming,history says the best time to buy stocks may be coming
2025-04-06 07:00:00+00:00,5 Leading Tech Stocks to Buy in 2025 - The Motley Fool,The Motley Fool,"Sun, 06 Apr 2025 07:00:00 GMT",5 Leading Tech Stocks to Buy in 2025,5 leading tech stocks to buy in 2025
2025-04-07 07:00:00+00:00,What Do Trump’s Tariffs Mean for Big Tech? - Morningstar,Morningstar,"Mon, 07 Apr 2025 07:00:00 GMT",What Do Trump’s Tariffs Mean for Big Tech?,what do trump’s tariffs mean for big tech?
2025-04-07 07:00:00+00:00,Tech stocks whipsaw in volatile trading session as Trump stands by tariffs - CNBC,CNBC,"Mon, 07 Apr 2025 07:00:00 GMT",Tech stocks whipsaw in volatile trading session as Trump stands by tariffs,tech stocks whipsaw in volatile trading session as trump stands by tariffs
2025-04-07 07:00:00+00:00,This is the stock market’s worst start to a presidential term in modern history - CNN,CNN,"Mon, 07 Apr 2025 07:00:00 GMT",This is the stock market’s worst start to a presidential term in modern history,this is the stock market’s worst start to a presidential term in modern history
2025-04-08 07:00:00+00:00,Stock Market Circuit Breakers: What You Need to Know - Nasdaq,Nasdaq,"Tue, 08 Apr 2025 07:00:00 GMT",Stock Market Circuit Breakers: What You Need to Know,stock market circuit breakers: what you need to know
2025-04-08 07:00:00+00:00,New Texas Stock Exchange Aims at Nasdaq and NYSE - Troutman Pepper Locke,Troutman Pepper Locke,"Tue, 08 Apr 2025 07:00:00 GMT",New Texas Stock Exchange Aims at Nasdaq and NYSE,new texas stock exchange aims at nasdaq and nyse
2025-04-08 07:00:00+00:00,"Stock Market News, April 8, 2025: Dow erases 1,461 point gain to end lower, S&P 500 and Nasdaq suffer major reversal amid renewed tariff jitters - MarketWatch",MarketWatch,"Tue, 08 Apr 2025 07:00:00 GMT","Stock Market News, April 8, 2025: Dow erases 1,461 point gain to end lower, S&P 500 and Nasdaq suffer major reversal amid renewed tariff jitters","stock market news, april 8, 2025: dow erases 1,461 point gain to end lower, s&p 500 and nasdaq suffer major reversal amid renewed tariff jitters"
2025-04-08 07:00:00+00:00,The Nasdaq Is Officially in a Bear Market. Here's Why History Says Investors Shouldn't Panic. - Nasdaq,Nasdaq,"Tue, 08 Apr 2025 07:00:00 GMT",The Nasdaq Is Officially in a Bear Market. Here's Why History Says Investors Shouldn't Panic.,the nasdaq is officially in a bear market. here's why history says investors shouldn't panic.
2025-04-08 07:00:00+00:00,Watch Investors Waiting for Tech Stocks to Hit Bottom - Bloomberg,Bloomberg,"Tue, 08 Apr 2025 07:00:00 GMT",Watch Investors Waiting for Tech Stocks to Hit Bottom,watch investors waiting for tech stocks to hit bottom
2025-04-09 07:00:00+00:00,How Trump's tariffs are driving tech stocks into an 'economic armageddon' - USA Today,USA Today,"Wed, 09 Apr 2025 07:00:00 GMT",How Trump's tariffs are driving tech stocks into an 'economic armageddon',how trump's tariffs are driving tech stocks into an 'economic armageddon'
2025-04-09 07:00:00+00:00,Tariff Pause Sends Tech Stocks Soaring - WSJ,WSJ,"Wed, 09 Apr 2025 07:00:00 GMT",Tariff Pause Sends Tech Stocks Soaring,tariff pause sends tech stocks soaring
2025-04-09 07:00:00+00:00,The Stock Market Has Crashed: My Top 5 Dirt Cheap Tech Stocks to Buy Now - The Motley Fool,The Motley Fool,"Wed, 09 Apr 2025 07:00:00 GMT",The Stock Market Has Crashed: My Top 5 Dirt Cheap Tech Stocks to Buy Now,the stock market has crashed: my top 5 dirt cheap tech stocks to buy now
2025-04-09 07:00:00+00:00,Nasdaq Soars to Best Day Since 2001 After Trump Pauses Some Tariffs - WSJ,WSJ,"Wed, 09 Apr 2025 07:00:00 GMT",Nasdaq Soars to Best Day Since 2001 After Trump Pauses Some Tariffs,nasdaq soars to best day since 2001 after trump pauses some tariffs
2025-04-09 07:00:00+00:00,US stocks skyrocket higher after Trump signals shift in trade policy - CNN,CNN,"Wed, 09 Apr 2025 07:00:00 GMT",US stocks skyrocket higher after Trump signals shift in trade policy,us stocks skyrocket higher after trump signals shift in trade policy
2025-04-09 07:00:00+00:00,U.S. stocks shoot to historic gains after Trump pauses most of his tariffs - PBS,PBS,"Wed, 09 Apr 2025 07:00:00 GMT",U.S. stocks shoot to historic gains after Trump pauses most of his tariffs,u.s. stocks shoot to historic gains after trump pauses most of his tariffs
2025-04-09 07:00:00+00:00,"Markets News, April 9, 2025: Dow Jumps 3,000 Points, Nasdaq Soars 12% as Trump Pauses Tariffs; S&P 500 Has Best Day Since 2008 - Investopedia",Investopedia,"Wed, 09 Apr 2025 07:00:00 GMT","Markets News, April 9, 2025: Dow Jumps 3,000 Points, Nasdaq Soars 12% as Trump Pauses Tariffs; S&P 500 Has Best Day Since 2008","markets news, april 9, 2025: dow jumps 3,000 points, nasdaq soars 12% as trump pauses tariffs; s&p 500 has best day since 2008"
2025-04-10 07:00:00+00:00,How a Global Trade War Hurts the U.S. Stock Market - Poole College of Management,Poole College of Management,"Thu, 10 Apr 2025 07:00:00 GMT",How a Global Trade War Hurts the U.S. Stock Market,how a global trade war hurts the u.s. stock market
2025-04-10 07:00:00+00:00,"US stocks, dollar tumble as Trump’s trade war rattles Wall Street - CNN",CNN,"Thu, 10 Apr 2025 07:00:00 GMT","US stocks, dollar tumble as Trump’s trade war rattles Wall Street","us stocks, dollar tumble as trump’s trade war rattles wall street"
2025-04-10 07:00:00+00:00,"Stock market today: Dow slides 1,000 points, Nasdaq, S&P 500 clobbered as stocks resume Trump tariff sell-off - Yahoo Finance",Yahoo Finance,"Thu, 10 Apr 2025 07:00:00 GMT","Stock market today: Dow slides 1,000 points, Nasdaq, S&P 500 clobbered as stocks resume Trump tariff sell","stock market today: dow slides 1,000 points, nasdaq, s&p 500 clobbered as stocks resume trump tariff sell"
2025-04-11 07:00:00+00:00,"Tech Stocks Soared This Week, but Uncertainty Persists - The Motley Fool",The Motley Fool,"Fri, 11 Apr 2025 07:00:00 GMT","Tech Stocks Soared This Week, but Uncertainty Persists","tech stocks soared this week, but uncertainty persists"
2025-04-11 07:00:00+00:00,Good Friday Stock Market Holiday Facts - Nasdaq,Nasdaq,"Fri, 11 Apr 2025 07:00:00 GMT",Good Friday Stock Market Holiday Facts,good friday stock market holiday facts
2025-04-11 07:00:00+00:00,We’ve Been Through Market Corrections Before. Here’s What We’re Doing Now. - Morningstar,Morningstar,"Fri, 11 Apr 2025 07:00:00 GMT",We’ve Been Through Market Corrections Before. Here’s What We’re Doing Now.,we’ve been through market corrections before. here’s what we’re doing now.
2025-04-11 07:00:00+00:00,"Battered big technology stocks like Nvidia can be havens in disguise, says this fund manager - MarketWatch",MarketWatch,"Fri, 11 Apr 2025 07:00:00 GMT","Battered big technology stocks like Nvidia can be havens in disguise, says this fund manager","battered big technology stocks like nvidia can be havens in disguise, says this fund manager"
2025-04-13 07:00:00+00:00,Here’s Savvy Advice on What to Do With Tech Stocks Now - Barron's,Barron's,"Sun, 13 Apr 2025 07:00:00 GMT",Here’s Savvy Advice on What to Do With Tech Stocks Now,here’s savvy advice on what to do with tech stocks now
2025-04-13 07:00:00+00:00,Asian tech stocks bounce back after Trump tariff exemptions - Reuters,Reuters,"Sun, 13 Apr 2025 07:00:00 GMT",Asian tech stocks bounce back after Trump tariff exemptions,asian tech stocks bounce back after trump tariff exemptions
2025-04-14 07:00:00+00:00,Wall Street ends higher with Apple shares as investors assess tariff exemptions - Reuters,Reuters,"Mon, 14 Apr 2025 07:00:00 GMT",Wall Street ends higher with Apple shares as investors assess tariff exemptions,wall street ends higher with apple shares as investors assess tariff exemptions
2025-04-14 07:00:00+00:00,US markets: Tech stocks rise higher and investors watch earnings - Euronews.com,Euronews.com,"Mon, 14 Apr 2025 07:00:00 GMT",US markets: Tech stocks rise higher and investors watch earnings,us markets: tech stocks rise higher and investors watch earnings
2025-04-14 07:00:00+00:00,"Opinion: 7 tech stocks to consider buying now, after the Nasdaq’s slump - MarketWatch",MarketWatch,"Mon, 14 Apr 2025 07:00:00 GMT","Opinion: 7 tech stocks to consider buying now, after the Nasdaq’s slump","opinion: 7 tech stocks to consider buying now, after the nasdaq’s slump"
2025-04-14 07:00:00+00:00,"Tech, auto shares gain as Trump floats more tariff exemptions amid confusion - Reuters",Reuters,"Mon, 14 Apr 2025 07:00:00 GMT","Tech, auto shares gain as Trump floats more tariff exemptions amid confusion","tech, auto shares gain as trump floats more tariff exemptions amid confusion"
2025-04-14 07:00:00+00:00,Tariffs tanked the stock market. Did investors panic and sell? Here's the data. - USA Today,USA Today,"Mon, 14 Apr 2025 07:00:00 GMT",Tariffs tanked the stock market. Did investors panic and sell? Here's the data.,tariffs tanked the stock market. did investors panic and sell? here's the data.
2025-04-14 07:00:00+00:00,"Apple, Dell, and Other Tech Stocks Climb on Tariff Exemptions - Investopedia",Investopedia,"Mon, 14 Apr 2025 07:00:00 GMT","Apple, Dell, and Other Tech Stocks Climb on Tariff Exemptions","apple, dell, and other tech stocks climb on tariff exemptions"
2025-04-15 07:00:00+00:00,2 Top Tech Stocks That Could Make You a Millionaire - The Motley Fool,The Motley Fool,"Tue, 15 Apr 2025 07:00:00 GMT",2 Top Tech Stocks That Could Make You a Millionaire,2 top tech stocks that could make you a millionaire
2025-04-16 07:00:00+00:00,Tech stocks sink after Nvidia reveals hit from US curbs on sales to China - Financial Times,Financial Times,"Wed, 16 Apr 2025 07:00:00 GMT",Tech stocks sink after Nvidia reveals hit from US curbs on sales to China,tech stocks sink after nvidia reveals hit from us curbs on sales to china
2025-04-16 07:00:00+00:00,"Tech stocks struggle after U.S., China trade tensions intensify - MarketWatch",MarketWatch,"Wed, 16 Apr 2025 07:00:00 GMT","Tech stocks struggle after U.S., China trade tensions intensify","tech stocks struggle after u.s., china trade tensions intensify"
2025-04-16 07:00:00+00:00,Is Bitcoin Trading Like Tech Stocks? - Morningstar,Morningstar,"Wed, 16 Apr 2025 07:00:00 GMT",Is Bitcoin Trading Like Tech Stocks?,is bitcoin trading like tech stocks?
2025-04-16 07:00:00+00:00,Why Tech Stocks Crashed on Wednesday - The Motley Fool,The Motley Fool,"Wed, 16 Apr 2025 07:00:00 GMT",Why Tech Stocks Crashed on Wednesday,why tech stocks crashed on wednesday
2025-04-16 07:00:00+00:00,"Trade Tensions Weigh Down Nvidia, Tech Stocks - WSJ",WSJ,"Wed, 16 Apr 2025 07:00:00 GMT","Trade Tensions Weigh Down Nvidia, Tech Stocks","trade tensions weigh down nvidia, tech stocks"
2025-04-16 07:00:00+00:00,S&P 500 sinks as tech stocks fall amid thickening fog of Trump’s trade war - PBS,PBS,"Wed, 16 Apr 2025 07:00:00 GMT",S&P 500 sinks as tech stocks fall amid thickening fog of Trump’s trade war,s&p 500 sinks as tech stocks fall amid thickening fog of trump’s trade war
2025-04-16 07:00:00+00:00,"Stock Market News, April 16, 2025: Nasdaq Slides 3% After U.S. Tightens Curbs on Nvidia's China Exports - WSJ",WSJ,"Wed, 16 Apr 2025 07:00:00 GMT","Stock Market News, April 16, 2025: Nasdaq Slides 3% After U.S. Tightens Curbs on Nvidia's China Exports","stock market news, april 16, 2025: nasdaq slides 3% after u.s. tightens curbs on nvidia's china exports"
2025-04-17 07:00:00+00:00,2 Top Tech Stocks to Buy in April - The Motley Fool,The Motley Fool,"Thu, 17 Apr 2025 07:00:00 GMT",2 Top Tech Stocks to Buy in April,2 top tech stocks to buy in april
2025-04-17 07:00:00+00:00,Chinese tea chain Chagee valued at $6.2 billion as shares pop in Nasdaq debut - Reuters,Reuters,"Thu, 17 Apr 2025 07:00:00 GMT",Chinese tea chain Chagee valued at $6.2 billion as shares pop in Nasdaq debut,chinese tea chain chagee valued at $6.2 billion as shares pop in nasdaq debut
2025-04-17 07:00:00+00:00,"Calmer Volatility Points to Gains for Energy, Tech Stocks - Bloomberg",Bloomberg,"Thu, 17 Apr 2025 07:00:00 GMT","Calmer Volatility Points to Gains for Energy, Tech Stocks","calmer volatility points to gains for energy, tech stocks"
2025-04-18 07:00:00+00:00,Why Meta is one of the most compelling tech stocks right now - MarketWatch,MarketWatch,"Fri, 18 Apr 2025 07:00:00 GMT",Why Meta is one of the most compelling tech stocks right now,why meta is one of the most compelling tech stocks right now
2025-04-18 07:00:00+00:00,These 15 tech stocks could rocket up to 85% in a year — and analysts love them - MarketWatch,MarketWatch,"Fri, 18 Apr 2025 07:00:00 GMT",These 15 tech stocks could rocket up to 85% in a year — and analysts love them,these 15 tech stocks could rocket up to 85% in a year — and analysts love them
2025-04-22 07:00:00+00:00,"Tariff Turmoil: 1 Unstoppable Stock to Buy With $1,000 During the Nasdaq Bear Market - Nasdaq",Nasdaq,"Tue, 22 Apr 2025 07:00:00 GMT","Tariff Turmoil: 1 Unstoppable Stock to Buy With $1,000 During the Nasdaq Bear Market","tariff turmoil: 1 unstoppable stock to buy with $1,000 during the nasdaq bear market"
2025-04-23 07:00:00+00:00,Why American tech stocks are newly vulnerable - The Economist,The Economist,"Wed, 23 Apr 2025 07:00:00 GMT",Why American tech stocks are newly vulnerable,why american tech stocks are newly vulnerable
2025-04-23 07:00:00+00:00,S&P 500 Gains and Losses Today: Tech Stocks Jump as Trump Softens Stance on Fed and Trade - Investopedia,Investopedia,"Wed, 23 Apr 2025 07:00:00 GMT",S&P 500 Gains and Losses Today: Tech Stocks Jump as Trump Softens Stance on Fed and Trade,s&p 500 gains and losses today: tech stocks jump as trump softens stance on fed and trade
2025-04-24 07:00:00+00:00,"Wall Street ends higher on tech boost, easing tariff tensions - Reuters",Reuters,"Thu, 24 Apr 2025 07:00:00 GMT","Wall Street ends higher on tech boost, easing tariff tensions","wall street ends higher on tech boost, easing tariff tensions"
2025-04-24 07:00:00+00:00,Has the stock market hit bottom? History is a guide - CNN,CNN,"Thu, 24 Apr 2025 07:00:00 GMT",Has the stock market hit bottom? History is a guide,has the stock market hit bottom? history is a guide
2025-04-24 07:00:00+00:00,"Nasdaq beats Q1 profit estimates on market volatility, strong product demand - Reuters",Reuters,"Thu, 24 Apr 2025 07:00:00 GMT","Nasdaq beats Q1 profit estimates on market volatility, strong product demand","nasdaq beats q1 profit estimates on market volatility, strong product demand"
2025-04-24 07:00:00+00:00,Tech Shares Drive Stocks Higher for a Third Straight Session - WSJ,WSJ,"Thu, 24 Apr 2025 07:00:00 GMT",Tech Shares Drive Stocks Higher for a Third Straight Session,tech shares drive stocks higher for a third straight session
2025-04-24 07:00:00+00:00,Tariff Turbulence: How Risky Are Tech Stocks Right Now? - The Motley Fool,The Motley Fool,"Thu, 24 Apr 2025 07:00:00 GMT",Tariff Turbulence: How Risky Are Tech Stocks Right Now?,tariff turbulence: how risky are tech stocks right now?
2025-04-25 07:00:00+00:00,"Stock Market News, April 25, 2025: Nasdaq Climbs More Than 1% as Stocks Finish Strong Week - WSJ",WSJ,"Fri, 25 Apr 2025 07:00:00 GMT","Stock Market News, April 25, 2025: Nasdaq Climbs More Than 1% as Stocks Finish Strong Week","stock market news, april 25, 2025: nasdaq climbs more than 1% as stocks finish strong week"
2025-04-25 07:00:00+00:00,Stocks Finish Sharply Higher on Tech Stock Strength and Fed Rate Cut Hopes - Nasdaq,Nasdaq,"Fri, 25 Apr 2025 07:00:00 GMT",Stocks Finish Sharply Higher on Tech Stock Strength and Fed Rate Cut Hopes,stocks finish sharply higher on tech stock strength and fed rate cut hopes
2025-04-26 07:00:00+00:00,NDAQ Stock Price and Chart — NASDAQ:NDAQ - TradingView,TradingView,"Sat, 26 Apr 2025 07:00:00 GMT",NDAQ Stock Price and Chart — NASDAQ:NDAQ,ndaq stock price and chart — nasdaq:ndaq
2025-04-26 07:00:00+00:00,It’s time to buy tech stocks: 4 ways to find winners while the market is down - MarketWatch,MarketWatch,"Sat, 26 Apr 2025 07:00:00 GMT",It’s time to buy tech stocks: 4 ways to find winners while the market is down,it’s time to buy tech stocks: 4 ways to find winners while the market is down
2025-04-28 07:00:00+00:00,Stocks Finish Higher as Megacap Tech Stocks Rally - Nasdaq,Nasdaq,"Mon, 28 Apr 2025 07:00:00 GMT",Stocks Finish Higher as Megacap Tech Stocks Rally,stocks finish higher as megacap tech stocks rally
2025-04-29 07:00:00+00:00,Stock Market Today: Dow Rises After Commerce Secretary Hints at Trade Progress - WSJ,WSJ,"Tue, 29 Apr 2025 07:00:00 GMT",Stock Market Today: Dow Rises After Commerce Secretary Hints at Trade Progress,stock market today: dow rises after commerce secretary hints at trade progress
2025-04-29 07:00:00+00:00,The stock market’s worst first 100 days of any presidential term in more than 50 years - CNN,CNN,"Tue, 29 Apr 2025 07:00:00 GMT",The stock market’s worst first 100 days of any presidential term in more than 50 years,the stock market’s worst first 100 days of any presidential term in more than 50 years
2025-04-29 07:00:00+00:00,Stock Market Outlook: Bull Market May Not Be Finished - Morgan Stanley,Morgan Stanley,"Tue, 29 Apr 2025 07:00:00 GMT",Stock Market Outlook: Bull Market May Not Be Finished,stock market outlook: bull market may not be finished
2025-04-29 07:00:00+00:00,10% Returns in the Stock Market - A Wealth of Common Sense,A Wealth of Common Sense,"Tue, 29 Apr 2025 07:00:00 GMT",10% Returns in the Stock Market,10% returns in the stock market
2025-04-30 07:00:00+00:00,"Got $5,000? 2 Tech Stocks to Buy and Hold for the Long Term - The Motley Fool",The Motley Fool,"Wed, 30 Apr 2025 07:00:00 GMT","Got $5,000? 2 Tech Stocks to Buy and Hold for the Long Term","got $5,000? 2 tech stocks to buy and hold for the long term"
2025-04-30 07:00:00+00:00,Team and Nasdaq Join Forces to Accelerate Innovation - Mercedes-AMG PETRONAS F1 Team,Mercedes-AMG PETRONAS F1 Team,"Wed, 30 Apr 2025 07:00:00 GMT",Team and Nasdaq Join Forces to Accelerate Innovation,team and nasdaq join forces to accelerate innovation
2025-04-30 07:00:00+00:00,100 days: The US stock market's rollercoaster ride since Trump took office - CNN,CNN,"Wed, 30 Apr 2025 07:00:00 GMT",100 days: The US stock market's rollercoaster ride since Trump took office,100 days: the us stock market's rollercoaster ride since trump took office
2025-05-01 07:00:00+00:00,Nasdaq Plan Will Bring Zero-Day Option Boom Closer to Single Stocks - Bloomberg,Bloomberg,"Thu, 01 May 2025 07:00:00 GMT",Nasdaq Plan Will Bring Zero,nasdaq plan will bring zero
2025-05-01 07:00:00+00:00,"Apple, Amazon shares slip after hours; tech shares jump earlier - Reuters",Reuters,"Thu, 01 May 2025 07:00:00 GMT","Apple, Amazon shares slip after hours; tech shares jump earlier","apple, amazon shares slip after hours; tech shares jump earlier"
2025-05-01 07:00:00+00:00,Big Tech Stocks Have Had a Magnificent Day So Far - Investopedia,Investopedia,"Thu, 01 May 2025 07:00:00 GMT",Big Tech Stocks Have Had a Magnificent Day So Far,big tech stocks have had a magnificent day so far
2025-05-01 07:00:00+00:00,3 Tech Stocks You Can Buy and Hold for the Next Decade - The Motley Fool,The Motley Fool,"Thu, 01 May 2025 07:00:00 GMT",3 Tech Stocks You Can Buy and Hold for the Next Decade,3 tech stocks you can buy and hold for the next decade
2025-05-02 07:00:00+00:00,Strong Earnings Helped Tech Stocks Shake Off Tariff Worries to Log an Upbeat Week - Investopedia,Investopedia,"Fri, 02 May 2025 07:00:00 GMT",Strong Earnings Helped Tech Stocks Shake Off Tariff Worries to Log an Upbeat Week,strong earnings helped tech stocks shake off tariff worries to log an upbeat week
2025-05-05 07:00:00+00:00,Nvidia and these other tech stocks look like winners this earnings season - MarketWatch,MarketWatch,"Mon, 05 May 2025 07:00:00 GMT",Nvidia and these other tech stocks look like winners this earnings season,nvidia and these other tech stocks look like winners this earnings season
2025-05-06 07:00:00+00:00,2 Tech Stocks That Could Help Set You Up for Life - The Motley Fool,The Motley Fool,"Tue, 06 May 2025 07:00:00 GMT",2 Tech Stocks That Could Help Set You Up for Life,2 tech stocks that could help set you up for life
2025-05-06 07:00:00+00:00,May 2025 US Stock Market Outlook: Eye of the Hurricane - Morningstar,Morningstar,"Tue, 06 May 2025 07:00:00 GMT",May 2025 US Stock Market Outlook: Eye of the Hurricane,may 2025 us stock market outlook: eye of the hurricane
2025-05-06 07:00:00+00:00,10 tech stocks that could rally up to 41% — and make good use of your money - MarketWatch,MarketWatch,"Tue, 06 May 2025 07:00:00 GMT",10 tech stocks that could rally up to 41% — and make good use of your money,10 tech stocks that could rally up to 41% — and make good use of your money
2025-05-07 07:00:00+00:00,"Stock market today: Dow, S&P 500, Nasdaq rise as Fed holds rates steady, Powell sticks to 'wait and see' - Yahoo Finance",Yahoo Finance,"Wed, 07 May 2025 07:00:00 GMT","Stock market today: Dow, S&P 500, Nasdaq rise as Fed holds rates steady, Powell sticks to 'wait and see'","stock market today: dow, s&p 500, nasdaq rise as fed holds rates steady, powell sticks to 'wait and see'"
2025-05-11 07:00:00+00:00,Big news missing the big picture: Stock market performance in the news - CEPR,CEPR,"Sun, 11 May 2025 07:00:00 GMT",Big news missing the big picture: Stock market performance in the news,big news missing the big picture: stock market performance in the news
2025-05-12 07:00:00+00:00,"Stock market today: Dow jumps 1,100 points, S&P 500 and Nasdaq surge after US-China tariff rollback triggers buying spree - Yahoo Finance",Yahoo Finance,"Mon, 12 May 2025 07:00:00 GMT","Stock market today: Dow jumps 1,100 points, S&P 500 and Nasdaq surge after US","stock market today: dow jumps 1,100 points, s&p 500 and nasdaq surge after us"
2025-05-12 07:00:00+00:00,"Stock Market News May 12, 2025: Dow ends up 1160 points, Nasdaq exits bear market as U.S. and China slash tariffs for 90 days - MarketWatch",MarketWatch,"Mon, 12 May 2025 07:00:00 GMT","Stock Market News May 12, 2025: Dow ends up 1160 points, Nasdaq exits bear market as U.S. and China slash tariffs for 90 days","stock market news may 12, 2025: dow ends up 1160 points, nasdaq exits bear market as u.s. and china slash tariffs for 90 days"
2025-05-12 07:00:00+00:00,Tech Stocks Rally on US-China Trade Deal - Investopedia,Investopedia,"Mon, 12 May 2025 07:00:00 GMT",Tech Stocks Rally on US,tech stocks rally on us
2025-05-12 07:00:00+00:00,"Amazon, Meta, Alphabet, Other Tech Stocks Rise. Stay Cautious. - Barron's",Barron's,"Mon, 12 May 2025 07:00:00 GMT","Amazon, Meta, Alphabet, Other Tech Stocks Rise. Stay Cautious.","amazon, meta, alphabet, other tech stocks rise. stay cautious."
2025-05-12 07:00:00+00:00,These 10 tech stocks could benefit most from softening U.S.-China tariffs - MarketWatch,MarketWatch,"Mon, 12 May 2025 07:00:00 GMT",These 10 tech stocks could benefit most from softening U.S.,these 10 tech stocks could benefit most from softening u.s.
2025-05-12 07:00:00+00:00,Tech stocks are back in a bull market as Nvidia and Tesla soar - Business Insider,Business Insider,"Mon, 12 May 2025 07:00:00 GMT",Tech stocks are back in a bull market as Nvidia and Tesla soar,tech stocks are back in a bull market as nvidia and tesla soar
2025-05-13 07:00:00+00:00,Stock market today: S&P 500 wipes out 2025 losses as Nvidia powers tech rally - Yahoo Finance,Yahoo Finance,"Tue, 13 May 2025 07:00:00 GMT",Stock market today: S&P 500 wipes out 2025 losses as Nvidia powers tech rally,stock market today: s&p 500 wipes out 2025 losses as nvidia powers tech rally
2025-05-13 07:00:00+00:00,2 Tech Stocks You Can Buy and Hold for the Next Decade - Nasdaq,Nasdaq,"Tue, 13 May 2025 07:00:00 GMT",2 Tech Stocks You Can Buy and Hold for the Next Decade,2 tech stocks you can buy and hold for the next decade
2025-05-13 07:00:00+00:00,Capital Market Technology & Business Solutions | Nasdaq Eqlipse - Nasdaq,Nasdaq,"Tue, 13 May 2025 07:00:00 GMT",Capital Market Technology & Business Solutions,capital market technology & business solutions
2025-05-13 07:00:00+00:00,S&P 500 Gains & Losses Today: Index Extends Gains as Tech Stocks Surge - Investopedia,Investopedia,"Tue, 13 May 2025 07:00:00 GMT",S&P 500 Gains & Losses Today: Index Extends Gains as Tech Stocks Surge,s&p 500 gains & losses today: index extends gains as tech stocks surge
2025-05-13 07:00:00+00:00,"S&P 500, Nasdaq end higher on soft inflation data, trade optimism - Reuters",Reuters,"Tue, 13 May 2025 07:00:00 GMT","S&P 500, Nasdaq end higher on soft inflation data, trade optimism","s&p 500, nasdaq end higher on soft inflation data, trade optimism"
2025-05-14 07:00:00+00:00,3 Top Tech Stocks That Could Make You a Millionaire - Nasdaq,Nasdaq,"Wed, 14 May 2025 07:00:00 GMT",3 Top Tech Stocks That Could Make You a Millionaire,3 top tech stocks that could make you a millionaire
2025-05-14 07:00:00+00:00,Newly issued eToro shares jump in Nasdaq debut. It’s a bullish sign for IPOs. - MarketWatch,MarketWatch,"Wed, 14 May 2025 07:00:00 GMT",Newly issued eToro shares jump in Nasdaq debut. It’s a bullish sign for IPOs.,newly issued etoro shares jump in nasdaq debut. it’s a bullish sign for ipos.
2025-05-14 07:00:00+00:00,Stocks fluctuate as 2025 losses erased; tech stocks rebound - InvestmentNews,InvestmentNews,"Wed, 14 May 2025 07:00:00 GMT",Stocks fluctuate as 2025 losses erased; tech stocks rebound,stocks fluctuate as 2025 losses erased; tech stocks rebound
2025-05-14 07:00:00+00:00,Daily: Tech rebound has more to go - UBS,UBS,"Wed, 14 May 2025 07:00:00 GMT",Daily: Tech rebound has more to go,daily: tech rebound has more to go
2025-05-14 07:00:00+00:00,Trump gives tech stocks their first Gulf-driven rally - Middle East Eye,Middle East Eye,"Wed, 14 May 2025 07:00:00 GMT",Trump gives tech stocks their first Gulf,trump gives tech stocks their first gulf
2025-05-15 07:00:00+00:00,A Nasdaq Bull Market Is Coming. 3 Things You Should Do Before It Arrives. - Nasdaq,Nasdaq,"Thu, 15 May 2025 07:00:00 GMT",A Nasdaq Bull Market Is Coming. 3 Things You Should Do Before It Arrives.,a nasdaq bull market is coming. 3 things you should do before it arrives.
2025-05-16 07:00:00+00:00,What to make of the stock market’s recovery - MarketWatch,MarketWatch,"Fri, 16 May 2025 07:00:00 GMT",What to make of the stock market’s recovery,what to make of the stock market’s recovery
2025-05-16 07:00:00+00:00,"Got $5,000? 3 Tech Stocks to Buy and Hold for the Long Term - The Motley Fool",The Motley Fool,"Fri, 16 May 2025 07:00:00 GMT","Got $5,000? 3 Tech Stocks to Buy and Hold for the Long Term","got $5,000? 3 tech stocks to buy and hold for the long term"
2025-05-16 07:00:00+00:00,"Stock market today: S&P 500 notches 5-day win streak, Nasdaq gains 7% for week as Wall Street shakes off trade war worries - Yahoo Finance",Yahoo Finance,"Fri, 16 May 2025 07:00:00 GMT",Stock market today: S&P 500 notches 5,stock market today: s&p 500 notches 5
2025-05-16 07:00:00+00:00,"Stock Market News, May 16, 2025: Stocks Rise After Trump Unveils New Tariff Wrinkle - WSJ",WSJ,"Fri, 16 May 2025 07:00:00 GMT","Stock Market News, May 16, 2025: Stocks Rise After Trump Unveils New Tariff Wrinkle","stock market news, may 16, 2025: stocks rise after trump unveils new tariff wrinkle"
2025-05-16 07:00:00+00:00,3 Top Tech Stocks to Buy in May - The Motley Fool,The Motley Fool,"Fri, 16 May 2025 07:00:00 GMT",3 Top Tech Stocks to Buy in May,3 top tech stocks to buy in may
2025-05-16 07:00:00+00:00,Mike Novogratz's Galaxy Digital debuts on Nasdaq in bumper week for crypto - Reuters,Reuters,"Fri, 16 May 2025 07:00:00 GMT",Mike Novogratz's Galaxy Digital debuts on Nasdaq in bumper week for crypto,mike novogratz's galaxy digital debuts on nasdaq in bumper week for crypto
2025-05-16 07:00:00+00:00,Why tech stocks could keep rallying - Goldman Sachs,Goldman Sachs,"Fri, 16 May 2025 07:00:00 GMT",Why tech stocks could keep rallying,why tech stocks could keep rallying
2025-05-16 07:00:00+00:00,US stock market gains may slow after torrid rebound from tariff swoon - Reuters,Reuters,"Fri, 16 May 2025 07:00:00 GMT",US stock market gains may slow after torrid rebound from tariff swoon,us stock market gains may slow after torrid rebound from tariff swoon
2025-05-19 07:00:00+00:00,3 Reasons Trump’s Tariffs Are Tanking The Stock Market - Poole College of Management,Poole College of Management,"Mon, 19 May 2025 07:00:00 GMT",3 Reasons Trump’s Tariffs Are Tanking The Stock Market,3 reasons trump’s tariffs are tanking the stock market
2025-05-19 07:00:00+00:00,"Stock market today: S&P 500 notches 6-day win streak, Dow, Nasdaq rise as Wall Street shakes off Moody's downgrade - Yahoo Finance",Yahoo Finance,"Mon, 19 May 2025 07:00:00 GMT",Stock market today: S&P 500 notches 6,stock market today: s&p 500 notches 6
2025-05-19 07:00:00+00:00,Tech stocks took a hit after the last two U.S. credit downgrades. Why this time could be different. - MarketWatch,MarketWatch,"Mon, 19 May 2025 07:00:00 GMT",Tech stocks took a hit after the last two U.S. credit downgrades. Why this time could be different.,tech stocks took a hit after the last two u.s. credit downgrades. why this time could be different.
2025-05-19 07:00:00+00:00,SAP Hosts Event Today. It’s Europe’s Answer to Big Tech Stocks. - Barron's,Barron's,"Mon, 19 May 2025 07:00:00 GMT",SAP Hosts Event Today. It’s Europe’s Answer to Big Tech Stocks.,sap hosts event today. it’s europe’s answer to big tech stocks.
2025-05-20 07:00:00+00:00,"Stock Market News, May 20, 2025: Tech Stocks Fell, Snapping U.S. Market's Winning Streak - WSJ",WSJ,"Tue, 20 May 2025 07:00:00 GMT","Stock Market News, May 20, 2025: Tech Stocks Fell, Snapping U.S. Market's Winning Streak","stock market news, may 20, 2025: tech stocks fell, snapping u.s. market's winning streak"
2025-05-20 07:00:00+00:00,S&P 500: A New Nasdaq Bull Market Has Begun — 8 Stocks Lead The Charge - Investor's Business Daily,Investor's Business Daily,"Tue, 20 May 2025 07:00:00 GMT",S&P 500: A New Nasdaq Bull Market Has Begun — 8 Stocks Lead The Charge,s&p 500: a new nasdaq bull market has begun — 8 stocks lead the charge
2025-05-21 07:00:00+00:00,Dow sinks 800 points as bond market starts to freak out over Trump’s tax bill - CNN,CNN,"Wed, 21 May 2025 07:00:00 GMT",Dow sinks 800 points as bond market starts to freak out over Trump’s tax bill,dow sinks 800 points as bond market starts to freak out over trump’s tax bill
2025-05-21 07:00:00+00:00,S&P 500 closes little changed Thursday as investors worry about high yields hitting economy: Live updates - CNBC,CNBC,"Wed, 21 May 2025 07:00:00 GMT",S&P 500 closes little changed Thursday as investors worry about high yields hitting economy: Live updates,s&p 500 closes little changed thursday as investors worry about high yields hitting economy: live updates
2025-05-21 07:00:00+00:00,"Stock Market News for May 21, 2025 - Nasdaq",Nasdaq,"Wed, 21 May 2025 07:00:00 GMT","Stock Market News for May 21, 2025","stock market news for may 21, 2025"
2025-05-22 07:00:00+00:00,Philippine Stock Exchange Adopts Nasdaq Eqlipse Trading to Enhance Market Infrastructure - GlobeNewswire,GlobeNewswire,"Thu, 22 May 2025 07:00:00 GMT",Philippine Stock Exchange Adopts Nasdaq Eqlipse Trading to Enhance Market Infrastructure,philippine stock exchange adopts nasdaq eqlipse trading to enhance market infrastructure
2025-05-22 07:00:00+00:00,"Stock Market for May 22, 2025: Dow, S&P 500 end flat; Nasdaq posts gain as Big Tech climbs - MarketWatch",MarketWatch,"Thu, 22 May 2025 07:00:00 GMT","Stock Market for May 22, 2025: Dow, S&P 500 end flat; Nasdaq posts gain as Big Tech climbs","stock market for may 22, 2025: dow, s&p 500 end flat; nasdaq posts gain as big tech climbs"
2025-05-22 07:00:00+00:00,Mobile Infrastructure Corporation Announces Uplisting to Nasdaq - Business Wire,Business Wire,"Thu, 22 May 2025 07:00:00 GMT",Mobile Infrastructure Corporation Announces Uplisting to Nasdaq,mobile infrastructure corporation announces uplisting to nasdaq
2025-05-23 07:00:00+00:00,The Stock Market Had a Bad Week. It’s Your Fault. - Barron's,Barron's,"Fri, 23 May 2025 07:00:00 GMT",The Stock Market Had a Bad Week. It’s Your Fault.,the stock market had a bad week. it’s your fault.
2025-05-23 07:00:00+00:00,How novice investors have outperformed old pros in the volatile stock market - MarketWatch,MarketWatch,"Fri, 23 May 2025 07:00:00 GMT",How novice investors have outperformed old pros in the volatile stock market,how novice investors have outperformed old pros in the volatile stock market
2025-05-23 07:00:00+00:00,"Stock market today: Dow, S&P 500, Nasdaq fall as Trump tariff threats roar back, US deficit anxiety deepens - Yahoo Finance",Yahoo Finance,"Fri, 23 May 2025 07:00:00 GMT","Stock market today: Dow, S&P 500, Nasdaq fall as Trump tariff threats roar back, US deficit anxiety deepens","stock market today: dow, s&p 500, nasdaq fall as trump tariff threats roar back, us deficit anxiety deepens"
2025-05-23 07:00:00+00:00,Philippine Stock Exchange adopts Nasdaq Eqlipse Trading - Securities Finance Times,Securities Finance Times,"Fri, 23 May 2025 07:00:00 GMT",Philippine Stock Exchange adopts Nasdaq Eqlipse Trading,philippine stock exchange adopts nasdaq eqlipse trading
2025-05-23 07:00:00+00:00,The Stock Market Ran Out of Juice. What Could Outweigh the Worries Dragging It Down. - Barron's,Barron's,"Fri, 23 May 2025 07:00:00 GMT",The Stock Market Ran Out of Juice. What Could Outweigh the Worries Dragging It Down.,the stock market ran out of juice. what could outweigh the worries dragging it down.
2025-05-23 07:00:00+00:00,Stock markets tumble after Trump threatens tariffs against European Union and Apple - PBS,PBS,"Fri, 23 May 2025 07:00:00 GMT",Stock markets tumble after Trump threatens tariffs against European Union and Apple,stock markets tumble after trump threatens tariffs against european union and apple
2025-05-24 07:00:00+00:00,Is Now the Time to Buy Beaten-Down AI Stocks? - Nasdaq,Nasdaq,"Sat, 24 May 2025 07:00:00 GMT",Is Now the Time to Buy Beaten,is now the time to buy beaten
2025-05-24 07:00:00+00:00,Should You Buy These Beaten-Down Tech Stocks? - Nasdaq,Nasdaq,"Sat, 24 May 2025 07:00:00 GMT",Should You Buy These Beaten,should you buy these beaten
2025-05-25 07:00:00+00:00,Is the stock market open on Memorial Day? Here's what's open and closed - NBC New York,NBC New York,"Sun, 25 May 2025 07:00:00 GMT",Is the stock market open on Memorial Day? Here's what's open and closed,is the stock market open on memorial day? here's what's open and closed
2025-05-27 07:00:00+00:00,"Stock Market News, May 27, 2025: Dow Gains 700 Points After EU Agrees to Fast-Track Trade Talks - WSJ",WSJ,"Tue, 27 May 2025 07:00:00 GMT","Stock Market News, May 27, 2025: Dow Gains 700 Points After EU Agrees to Fast","stock market news, may 27, 2025: dow gains 700 points after eu agrees to fast"
2025-05-28 07:00:00+00:00,New Fortress Energy receives notice from Nasdaq for non-compliance - Reuters,Reuters,"Wed, 28 May 2025 07:00:00 GMT",New Fortress Energy receives notice from Nasdaq for non,new fortress energy receives notice from nasdaq for non
2025-05-28 07:00:00+00:00,Dow closes more than 200 points lower Wednesday ahead of Nvidia earnings: Live updates - CNBC,CNBC,"Wed, 28 May 2025 07:00:00 GMT",Dow closes more than 200 points lower Wednesday ahead of Nvidia earnings: Live updates,dow closes more than 200 points lower wednesday ahead of nvidia earnings: live updates
2025-05-29 07:00:00+00:00,"S&P 500 climbs on strong Nvidia earnings, but trade policy confusion caps gains: Live updates - CNBC",CNBC,"Thu, 29 May 2025 07:00:00 GMT","S&P 500 climbs on strong Nvidia earnings, but trade policy confusion caps gains: Live updates","s&p 500 climbs on strong nvidia earnings, but trade policy confusion caps gains: live updates"
2025-05-29 07:00:00+00:00,The Stock Market Is Crushing an Old Wall Street Cliché - Barron's,Barron's,"Thu, 29 May 2025 07:00:00 GMT",The Stock Market Is Crushing an Old Wall Street Cliché,the stock market is crushing an old wall street cliché
2025-05-29 07:00:00+00:00,Tech Stocks Are in Rally Mode. The Gains Will Keep Coming. - Barron's,Barron's,"Thu, 29 May 2025 07:00:00 GMT",Tech Stocks Are in Rally Mode. The Gains Will Keep Coming.,tech stocks are in rally mode. the gains will keep coming.
2025-05-29 07:00:00+00:00,"Stock market today: Dow, S&P 500, Nasdaq soar as Trump pauses EU tariff hikes for fast-tracked talks - Yahoo Finance",Yahoo Finance,"Thu, 29 May 2025 07:00:00 GMT","Stock market today: Dow, S&P 500, Nasdaq soar as Trump pauses EU tariff hikes for fast","stock market today: dow, s&p 500, nasdaq soar as trump pauses eu tariff hikes for fast"
2025-05-29 07:00:00+00:00,"Got $5,000? 2 Tech Stocks to Buy and Hold for the Long Term. - The Motley Fool",The Motley Fool,"Thu, 29 May 2025 07:00:00 GMT","Got $5,000? 2 Tech Stocks to Buy and Hold for the Long Term.","got $5,000? 2 tech stocks to buy and hold for the long term."
2025-05-30 07:00:00+00:00,Why This Stock Market Makes So Many of Us Want to Scream - WSJ,WSJ,"Fri, 30 May 2025 07:00:00 GMT",Why This Stock Market Makes So Many of Us Want to Scream,why this stock market makes so many of us want to scream
2025-05-30 07:00:00+00:00,"Six Tech Stocks to Buy—and What to Avoid, According to an Analyst - Barron's",Barron's,"Fri, 30 May 2025 07:00:00 GMT","Six Tech Stocks to Buy—and What to Avoid, According to an Analyst","six tech stocks to buy—and what to avoid, according to an analyst"
2025-05-30 07:00:00+00:00,Why the S&P 500 and Nasdaq Just Had Their Best Month Since 2023 - Investopedia,Investopedia,"Fri, 30 May 2025 07:00:00 GMT",Why the S&P 500 and Nasdaq Just Had Their Best Month Since 2023,why the s&p 500 and nasdaq just had their best month since 2023
2025-05-30 07:00:00+00:00,Stock market today: S&P 500 marks best May in 30 years as Wall Street bets on tariff relief - Yahoo Finance,Yahoo Finance,"Fri, 30 May 2025 07:00:00 GMT",Stock market today: S&P 500 marks best May in 30 years as Wall Street bets on tariff relief,stock market today: s&p 500 marks best may in 30 years as wall street bets on tariff relief
2025-05-30 07:00:00+00:00,S&P 500 is flat to close out a 6% May gain as investors continue to look past trade policy confusion - CNBC,CNBC,"Fri, 30 May 2025 07:00:00 GMT",S&P 500 is flat to close out a 6% May gain as investors continue to look past trade policy confusion,s&p 500 is flat to close out a 6% may gain as investors continue to look past trade policy confusion
2025-05-31 07:00:00+00:00,"Stock Market News, May 30, 2025: S&P 500, Nasdaq Finish May With Biggest Monthly Gains Since November 2023; Trump Plans to Double Steel Tariff - WSJ",WSJ,"Sat, 31 May 2025 07:00:00 GMT","Stock Market News, May 30, 2025: S&P 500, Nasdaq Finish May With Biggest Monthly Gains Since November 2023; Trump Plans to Double Steel Tariff","stock market news, may 30, 2025: s&p 500, nasdaq finish may with biggest monthly gains since november 2023; trump plans to double steel tariff"
2025-06-01 07:00:00+00:00,3 Top Tech Stocks to Buy in June - The Motley Fool,The Motley Fool,"Sun, 01 Jun 2025 07:00:00 GMT",3 Top Tech Stocks to Buy in June,3 top tech stocks to buy in june
2025-06-02 07:00:00+00:00,"Stock Market News, June 2, 2025: Nasdaq Rises; Stocks Overcome Trade Tension Flare-Up - WSJ",WSJ,"Mon, 02 Jun 2025 07:00:00 GMT","Stock Market News, June 2, 2025: Nasdaq Rises; Stocks Overcome Trade Tension Flare","stock market news, june 2, 2025: nasdaq rises; stocks overcome trade tension flare"
2025-06-02 07:00:00+00:00,"Stock market today: Dow, S&P 500, Nasdaq close higher as US-China trade tensions flare up - Yahoo Finance",Yahoo Finance,"Mon, 02 Jun 2025 07:00:00 GMT","Stock market today: Dow, S&P 500, Nasdaq close higher as US","stock market today: dow, s&p 500, nasdaq close higher as us"
2025-06-02 07:00:00+00:00,Philippines' DoubleDragon subsidiary Hotel101 progresses towards Nasdaq listing - Reuters,Reuters,"Mon, 02 Jun 2025 07:00:00 GMT",Philippines' DoubleDragon subsidiary Hotel101 progresses towards Nasdaq listing,philippines' doubledragon subsidiary hotel101 progresses towards nasdaq listing
2025-06-02 22:05:52+00:00,"Dow closes 200 points higher, S&P 500 climbs as Nvidia lifts tech sector: Live updates - CNBC",CNBC,"Mon, 02 Jun 2025 22:05:52 GMT","Dow closes 200 points higher, S&P 500 climbs as Nvidia lifts tech sector: Live updates","dow closes 200 points higher, s&p 500 climbs as nvidia lifts tech sector: live updates"
2025-06-03 07:00:00+00:00,"Stock market today: Dow, S&P 500, Nasdaq rise as Nvidia jumps to highest since January - Yahoo Finance",Yahoo Finance,"Tue, 03 Jun 2025 07:00:00 GMT","Stock market today: Dow, S&P 500, Nasdaq rise as Nvidia jumps to highest since January","stock market today: dow, s&p 500, nasdaq rise as nvidia jumps to highest since january"
2025-06-03 07:00:00+00:00,"Stock Market News, June 3, 2025: Nasdaq Moves Higher; OECD Cuts U.S. Growth Outlook - WSJ",WSJ,"Tue, 03 Jun 2025 07:00:00 GMT","Stock Market News, June 3, 2025: Nasdaq Moves Higher; OECD Cuts U.S. Growth Outlook","stock market news, june 3, 2025: nasdaq moves higher; oecd cuts u.s. growth outlook"
2025-06-03 07:00:00+00:00,"Stock Market on June 3, 2025: Nasdaq wipes out 2025 loss; Dow and S&P 500 end higher as tech leads gains - MarketWatch",MarketWatch,"Tue, 03 Jun 2025 07:00:00 GMT","Stock Market on June 3, 2025: Nasdaq wipes out 2025 loss; Dow and S&P 500 end higher as tech leads gains","stock market on june 3, 2025: nasdaq wipes out 2025 loss; dow and s&p 500 end higher as tech leads gains"
2025-06-04 07:00:00+00:00,Exploring High Growth Tech Stocks In The US Market - Yahoo Finance,Yahoo Finance,"Wed, 04 Jun 2025 07:00:00 GMT",Exploring High Growth Tech Stocks In The US Market,exploring high growth tech stocks in the us market
2025-06-04 07:00:00+00:00,"Stock Market News, June 4, 2025: Bonds Rally, Stocks End Mixed Amid Signs of Hiring Slowdown - WSJ",WSJ,"Wed, 04 Jun 2025 07:00:00 GMT","Stock Market News, June 4, 2025: Bonds Rally, Stocks End Mixed Amid Signs of Hiring Slowdown","stock market news, june 4, 2025: bonds rally, stocks end mixed amid signs of hiring slowdown"
2025-06-04 07:00:00+00:00,Wall Street ends narrowly mixed in choppy trade on weak economic data - Reuters,Reuters,"Wed, 04 Jun 2025 07:00:00 GMT",Wall Street ends narrowly mixed in choppy trade on weak economic data,wall street ends narrowly mixed in choppy trade on weak economic data
2025-06-04 07:00:00+00:00,"Markets News, June 4, 2025: S&P 500, Nasdaq Inch Higher to Extend Winning Streaks to Three Days as Investors Await News on Trade Deals - Investopedia",Investopedia,"Wed, 04 Jun 2025 07:00:00 GMT","Markets News, June 4, 2025: S&P 500, Nasdaq Inch Higher to Extend Winning Streaks to Three Days as Investors Await News on Trade Deals","markets news, june 4, 2025: s&p 500, nasdaq inch higher to extend winning streaks to three days as investors await news on trade deals"
2025-06-04 07:00:00+00:00,5 things to know before the stock market opens Wednesday - CNBC,CNBC,"Wed, 04 Jun 2025 07:00:00 GMT",5 things to know before the stock market opens Wednesday,5 things to know before the stock market opens wednesday
2025-06-04 07:00:00+00:00,2 Top Tech Stocks to Buy Right Now - The Motley Fool,The Motley Fool,"Wed, 04 Jun 2025 07:00:00 GMT",2 Top Tech Stocks to Buy Right Now,2 top tech stocks to buy right now
2025-06-05 07:00:00+00:00,"Poole Student Rings Nasdaq Bell, Paving Her Path in Quant Finance - Poole College of Management",Poole College of Management,"Thu, 05 Jun 2025 07:00:00 GMT","Poole Student Rings Nasdaq Bell, Paving Her Path in Quant Finance","poole student rings nasdaq bell, paving her path in quant finance"
2025-06-05 07:00:00+00:00,"Stock market today: Dow, S&P 500, Nasdaq slide as Tesla dives 14% on Trump-Musk escalation - Yahoo Finance",Yahoo Finance,"Thu, 05 Jun 2025 07:00:00 GMT","Stock market today: Dow, S&P 500, Nasdaq slide as Tesla dives 14% on Trump","stock market today: dow, s&p 500, nasdaq slide as tesla dives 14% on trump"
2025-06-05 07:00:00+00:00,Microsoft shares hit a record. Here’s how far other Big Tech stocks are from their highs. - MarketWatch,MarketWatch,"Thu, 05 Jun 2025 07:00:00 GMT",Microsoft shares hit a record. Here’s how far other Big Tech stocks are from their highs.,microsoft shares hit a record. here’s how far other big tech stocks are from their highs.
2025-06-06 07:00:00+00:00,Omada shares rise 21% in Nasdaq debut after health tech company's IPO - CNBC,CNBC,"Fri, 06 Jun 2025 07:00:00 GMT",Omada shares rise 21% in Nasdaq debut after health tech company's IPO,omada shares rise 21% in nasdaq debut after health tech company's ipo
2025-06-09 07:00:00+00:00,3 Leading Tech Stocks to Buy in 2025 - The Motley Fool,The Motley Fool,"Mon, 09 Jun 2025 07:00:00 GMT",3 Leading Tech Stocks to Buy in 2025,3 leading tech stocks to buy in 2025
2025-06-10 07:00:00+00:00,Tech stocks inch up as Meta reportedly nears multi-billion dollar AI investment - Fortune,Fortune,"Tue, 10 Jun 2025 07:00:00 GMT",Tech stocks inch up as Meta reportedly nears multi,tech stocks inch up as meta reportedly nears multi
2025-06-10 07:00:00+00:00,"Stock market today: S&P 500, Nasdaq have records back in sight as stocks gain amid US-China trade talks - Yahoo Finance",Yahoo Finance,"Tue, 10 Jun 2025 07:00:00 GMT","Stock market today: S&P 500, Nasdaq have records back in sight as stocks gain amid US","stock market today: s&p 500, nasdaq have records back in sight as stocks gain amid us"
2025-06-10 22:10:10+00:00,"S&P 500 closes lower, snapping 3-day winning streak - CNBC",CNBC,"Tue, 10 Jun 2025 22:10:10 GMT","S&P 500 closes lower, snapping 3","s&p 500 closes lower, snapping 3"
2025-06-11 07:00:00+00:00,The Basics of Tech Stocks: 10 Tips Every New Investor Needs To Know - Investopedia,Investopedia,"Wed, 11 Jun 2025 07:00:00 GMT",The Basics of Tech Stocks: 10 Tips Every New Investor Needs To Know,the basics of tech stocks: 10 tips every new investor needs to know
2025-06-11 07:00:00+00:00,"Stock Market News, June 11, 2025: Dow ends flat, S&P 500 and Nasdaq snap 3-day win streaks after report Beijing put time limit on rare-earth exports - MarketWatch",MarketWatch,"Wed, 11 Jun 2025 07:00:00 GMT","Stock Market News, June 11, 2025: Dow ends flat, S&P 500 and Nasdaq snap 3","stock market news, june 11, 2025: dow ends flat, s&p 500 and nasdaq snap 3"
2025-06-11 07:00:00+00:00,"Goldman says market heading into a vacuum, sees weakness under hood - MarketWatch",MarketWatch,"Wed, 11 Jun 2025 07:00:00 GMT","Goldman says market heading into a vacuum, sees weakness under hood","goldman says market heading into a vacuum, sees weakness under hood"
2025-06-11 07:00:00+00:00,"Stock market today: Dow, S&P 500, Nasdaq rally pauses as cool inflation data boosts Fed rate cut hopes - Yahoo Finance",Yahoo Finance,"Wed, 11 Jun 2025 07:00:00 GMT","Stock market today: Dow, S&P 500, Nasdaq rally pauses as cool inflation data boosts Fed rate cut hopes","stock market today: dow, s&p 500, nasdaq rally pauses as cool inflation data boosts fed rate cut hopes"
2025-06-12 07:00:00+00:00,Chime valued at $18.4 billion as shares soar in Nasdaq debut - Reuters,Reuters,"Thu, 12 Jun 2025 07:00:00 GMT",Chime valued at $18.4 billion as shares soar in Nasdaq debut,chime valued at $18.4 billion as shares soar in nasdaq debut
2025-06-12 07:00:00+00:00,"Stock Market for June 12, 2025: Dow, S&P 500 and Nasdaq end higher; Boeing shares slump - MarketWatch",MarketWatch,"Thu, 12 Jun 2025 07:00:00 GMT","Stock Market for June 12, 2025: Dow, S&P 500 and Nasdaq end higher; Boeing shares slump","stock market for june 12, 2025: dow, s&p 500 and nasdaq end higher; boeing shares slump"
2025-06-12 07:00:00+00:00,Voyager’s Big IPO Pop Shows Appeal of Defense Tech Stocks - Morningstar,Morningstar,"Thu, 12 Jun 2025 07:00:00 GMT",Voyager’s Big IPO Pop Shows Appeal of Defense Tech Stocks,voyager’s big ipo pop shows appeal of defense tech stocks
2025-06-12 07:00:00+00:00,Chime pops 37% in Nasdaq debut after pricing IPO above expected range - CNBC,CNBC,"Thu, 12 Jun 2025 07:00:00 GMT",Chime pops 37% in Nasdaq debut after pricing IPO above expected range,chime pops 37% in nasdaq debut after pricing ipo above expected range
2025-06-12 07:00:00+00:00,"Stock market today: Dow, S&P 500, Nasdaq drift higher, dollar slides amid renewed tariff threats - Yahoo Finance",Yahoo Finance,"Thu, 12 Jun 2025 07:00:00 GMT","Stock market today: Dow, S&P 500, Nasdaq drift higher, dollar slides amid renewed tariff threats","stock market today: dow, s&p 500, nasdaq drift higher, dollar slides amid renewed tariff threats"
2025-06-12 15:52:16+00:00,"Stock market today: S&P 500, Nasdaq little changed amid renewed tariff threats, Boeing stock weighs on Dow - Yahoo Finance",Yahoo Finance,"Thu, 12 Jun 2025 15:52:16 GMT","Stock market today: S&P 500, Nasdaq little changed amid renewed tariff threats, Boeing stock weighs on Dow","stock market today: s&p 500, nasdaq little changed amid renewed tariff threats, boeing stock weighs on dow"
2025-06-13 07:00:00+00:00,"Stock market today: Dow, S&P 500, Nasdaq dive, oil surges as Israel and Iran trade strikes - Yahoo Finance",Yahoo Finance,"Fri, 13 Jun 2025 07:00:00 GMT","Stock market today: Dow, S&P 500, Nasdaq dive, oil surges as Israel and Iran trade strikes","stock market today: dow, s&p 500, nasdaq dive, oil surges as israel and iran trade strikes"
2025-06-13 20:24:00+00:00,Stock Market Today: Dow Jones Drops 769 Points; These IPO Names See Red (Live Coverage) - Investor's Business Daily,Investor's Business Daily,"Fri, 13 Jun 2025 20:24:00 GMT",Stock Market Today: Dow Jones Drops 769 Points; These IPO Names See Red (Live Coverage),stock market today: dow jones drops 769 points; these ipo names see red (live coverage)
2025-06-13 20:46:59+00:00,Stock Market Today: Attacks in Middle East Batter Stocks; Oil and Gold soar; Bitcoin Off - TheStreet,TheStreet,"Fri, 13 Jun 2025 20:46:59 GMT",Stock Market Today: Attacks in Middle East Batter Stocks; Oil and Gold soar; Bitcoin Off,stock market today: attacks in middle east batter stocks; oil and gold soar; bitcoin off
2025-06-14 07:06:00+00:00,Prediction: 3 Non-Tech Stocks That Can Blow Past Nvidia's Market Cap by 2035 - The Motley Fool,The Motley Fool,"Sat, 14 Jun 2025 07:06:00 GMT",Prediction: 3 Non,prediction: 3 non
2025-06-15 11:00:00+00:00,Tech Stocks That Could Double by 2030: 2 Easy Choices - The Motley Fool,The Motley Fool,"Sun, 15 Jun 2025 11:00:00 GMT",Tech Stocks That Could Double by 2030: 2 Easy Choices,tech stocks that could double by 2030: 2 easy choices
2025-06-16 09:30:00+00:00,Nasdaq’s View: The Road to 24-Hour Trading - Nasdaq,Nasdaq,"Mon, 16 Jun 2025 09:30:00 GMT",Nasdaq’s View: The Road to 24,nasdaq’s view: the road to 24
2025-06-16 20:05:57+00:00,"Stock market today: Dow, S&P 500, Nasdaq jump, oil slides amid hopes Israel-Iran conflict stays contained - Yahoo Finance",Yahoo Finance,"Mon, 16 Jun 2025 20:05:57 GMT","Stock market today: Dow, S&P 500, Nasdaq jump, oil slides amid hopes Israel","stock market today: dow, s&p 500, nasdaq jump, oil slides amid hopes israel"
2025-06-16 20:21:00+00:00,"Stock Market News, June 16, 2025: Dow ends up 317 points, S&P 500 and Nasdaq close higher as investors bet on Israel-Iran conflict being contained - MarketWatch",MarketWatch,"Mon, 16 Jun 2025 20:21:00 GMT","Stock Market News, June 16, 2025: Dow ends up 317 points, S&P 500 and Nasdaq close higher as investors bet on Israel","stock market news, june 16, 2025: dow ends up 317 points, s&p 500 and nasdaq close higher as investors bet on israel"
2025-06-16 20:23:00+00:00,Stock Market Today: Dow Jones Up Amid Conflict Resolution Hopes; Roku Jumps As Cathie Wood Loads Up On This Firm (Live Coverage) - Investor's Business Daily,Investor's Business Daily,"Mon, 16 Jun 2025 20:23:00 GMT",Stock Market Today: Dow Jones Up Amid Conflict Resolution Hopes; Roku Jumps As Cathie Wood Loads Up On This Firm (Live Coverage),stock market today: dow jones up amid conflict resolution hopes; roku jumps as cathie wood loads up on this firm (live coverage)
2025-06-17 01:15:00+00:00,"Stock Market News, June 16, 2025: Dow Gains, Oil Drops After Iran Says It Wants to End Hostilities With Israel - WSJ",WSJ,"Tue, 17 Jun 2025 01:15:00 GMT","Stock Market News, June 16, 2025: Dow Gains, Oil Drops After Iran Says It Wants to End Hostilities With Israel","stock market news, june 16, 2025: dow gains, oil drops after iran says it wants to end hostilities with israel"
2025-06-17 17:48:45+00:00,Dow closes nearly 300 points lower Tuesday as Israel-Iran conflict intensifies: Live updates - CNBC,CNBC,"Tue, 17 Jun 2025 17:48:45 GMT",Dow closes nearly 300 points lower Tuesday as Israel,dow closes nearly 300 points lower tuesday as israel
2025-06-17 20:06:46+00:00,"Stock market today: Dow, S&P 500, Nasdaq slide as Trump calls for 'unconditional surrender' from Iran - Yahoo Finance",Yahoo Finance,"Tue, 17 Jun 2025 20:06:46 GMT","Stock market today: Dow, S&P 500, Nasdaq slide as Trump calls for 'unconditional surrender' from Iran","stock market today: dow, s&p 500, nasdaq slide as trump calls for 'unconditional surrender' from iran"
2025-06-17 20:24:00+00:00,Stock Market Today: Dow Slides About 300 Points As Trump Holds Meeting In Situation Room; Palantir Does This After New High - Investor's Business Daily,Investor's Business Daily,"Tue, 17 Jun 2025 20:24:00 GMT",Stock Market Today: Dow Slides About 300 Points As Trump Holds Meeting In Situation Room; Palantir Does This After New High,stock market today: dow slides about 300 points as trump holds meeting in situation room; palantir does this after new high
2025-06-18 02:01:00+00:00,"Stock Market News, June 17, 2025: Oil Rises, Stocks Slip; Israel-Iran Conflict in Spotlight - WSJ",WSJ,"Wed, 18 Jun 2025 02:01:00 GMT","Stock Market News, June 17, 2025: Oil Rises, Stocks Slip; Israel","stock market news, june 17, 2025: oil rises, stocks slip; israel"
2025-06-18 07:03:26+00:00,Is the stock market open or closed on Juneteenth 2025? See full holiday schedule - USA Today,USA Today,"Wed, 18 Jun 2025 07:03:26 GMT",Is the stock market open or closed on Juneteenth 2025? See full holiday schedule,is the stock market open or closed on juneteenth 2025? see full holiday schedule
2025-06-18 14:37:57+00:00,"Stock market today: Dow, S&P 500, Nasdaq rise as Fed takes front seat from Mideast fears - Yahoo Finance",Yahoo Finance,"Wed, 18 Jun 2025 14:37:57 GMT","Stock market today: Dow, S&P 500, Nasdaq rise as Fed takes front seat from Mideast fears","stock market today: dow, s&p 500, nasdaq rise as fed takes front seat from mideast fears"
2025-06-18 19:31:00+00:00,What Will Markets Bring In The Last Half Of 2025? Here Are A Few Clues. - Investor's Business Daily,Investor's Business Daily,"Wed, 18 Jun 2025 19:31:00 GMT",What Will Markets Bring In The Last Half Of 2025? Here Are A Few Clues.,what will markets bring in the last half of 2025? here are a few clues.
2025-06-18 20:14:55+00:00,Dow posts narrow loss after Fed signals it’s in no hurry to cut rates: Live updates - CNBC,CNBC,"Wed, 18 Jun 2025 20:14:55 GMT",Dow posts narrow loss after Fed signals it’s in no hurry to cut rates: Live updates,dow posts narrow loss after fed signals it’s in no hurry to cut rates: live updates
2025-06-18 20:25:12+00:00,Stock Market Today: Stocks End Mixed as Fed Holds Rates Steady - TheStreet,TheStreet,"Wed, 18 Jun 2025 20:25:12 GMT",Stock Market Today: Stocks End Mixed as Fed Holds Rates Steady,stock market today: stocks end mixed as fed holds rates steady
2025-06-18 20:40:44+00:00,"Stock market today: Dow, S&P 500, Nasdaq stall as Fed holds rates steady, forecasts 2 cuts in 2025 - Yahoo Finance",Yahoo Finance,"Wed, 18 Jun 2025 20:40:44 GMT","Stock market today: Dow, S&P 500, Nasdaq stall as Fed holds rates steady, forecasts 2 cuts in 2025","stock market today: dow, s&p 500, nasdaq stall as fed holds rates steady, forecasts 2 cuts in 2025"
2025-06-18 20:51:02+00:00,Investors see quick stock market drop if US joins Israel-Iran conflict - Reuters,Reuters,"Wed, 18 Jun 2025 20:51:02 GMT",Investors see quick stock market drop if US joins Israel,investors see quick stock market drop if us joins israel
2025-06-20 11:00:00+00:00,"Dot Ai, Innovator in Asset Intelligence Technology, Completes Business Combination; Will Begin Trading on Nasdaq Stock Market - Business Wire",Business Wire,"Fri, 20 Jun 2025 11:00:00 GMT","Dot Ai, Innovator in Asset Intelligence Technology, Completes Business Combination; Will Begin Trading on Nasdaq Stock Market","dot ai, innovator in asset intelligence technology, completes business combination; will begin trading on nasdaq stock market"
2025-06-20 11:38:08+00:00,5 Things to Know Before the Stock Market Opens - Investopedia,Investopedia,"Fri, 20 Jun 2025 11:38:08 GMT",5 Things to Know Before the Stock Market Opens,5 things to know before the stock market opens
2025-06-20 13:10:15+00:00,5 things to know before the stock market opens Friday - CNBC,CNBC,"Fri, 20 Jun 2025 13:10:15 GMT",5 things to know before the stock market opens Friday,5 things to know before the stock market opens friday
2025-06-20 19:07:30+00:00,"S&P 500 posts third straight losing day as traders eye Middle East tensions, Trump’s next steps: Live updates - CNBC",CNBC,"Fri, 20 Jun 2025 19:07:30 GMT","S&P 500 posts third straight losing day as traders eye Middle East tensions, Trump’s next steps: Live updates","s&p 500 posts third straight losing day as traders eye middle east tensions, trump’s next steps: live updates"
2025-06-20 20:23:00+00:00,"Stock Market News, June 20, 2025: Dow ekes out gain, S&P 500 and Nasdaq end lower as investors approach the weekend with worries over Middle East - MarketWatch",MarketWatch,"Fri, 20 Jun 2025 20:23:00 GMT","Stock Market News, June 20, 2025: Dow ekes out gain, S&P 500 and Nasdaq end lower as investors approach the weekend with worries over Middle East","stock market news, june 20, 2025: dow ekes out gain, s&p 500 and nasdaq end lower as investors approach the weekend with worries over middle east"
2025-06-20 22:02:41+00:00,"Stock market today: S&P 500, Nasdaq fall amid Fed rate uncertainty as Trump mulls Iran move - Yahoo Finance",Yahoo Finance,"Fri, 20 Jun 2025 22:02:41 GMT","Stock market today: S&P 500, Nasdaq fall amid Fed rate uncertainty as Trump mulls Iran move","stock market today: s&p 500, nasdaq fall amid fed rate uncertainty as trump mulls iran move"
2025-06-20 22:08:00+00:00,"Stock Market News From June 20, 2025: S&P 500, Nasdaq Slide After Trump Gives Markets Hope Over Iran - Barron's",Barron's,"Fri, 20 Jun 2025 22:08:00 GMT","Stock Market News From June 20, 2025: S&P 500, Nasdaq Slide After Trump Gives Markets Hope Over Iran","stock market news from june 20, 2025: s&p 500, nasdaq slide after trump gives markets hope over iran"
2025-06-20 22:41:09+00:00,"S&P 500, Nasdaq finish lower; investors uneasy about Middle East conflict - Reuters",Reuters,"Fri, 20 Jun 2025 22:41:09 GMT","S&P 500, Nasdaq finish lower; investors uneasy about Middle East conflict","s&p 500, nasdaq finish lower; investors uneasy about middle east conflict"
2025-06-21 00:14:00+00:00,"Stock Market News June 20, 2025: Oil Prices Drop Friday After Trump Signals He'll Give Iran Negotiations Time - WSJ",WSJ,"Sat, 21 Jun 2025 00:14:00 GMT","Stock Market News June 20, 2025: Oil Prices Drop Friday After Trump Signals He'll Give Iran Negotiations Time","stock market news june 20, 2025: oil prices drop friday after trump signals he'll give iran negotiations time"
