date,title
2025-06-20,Unveils Agilysys Book with S.P.E.N.D for Hotels
2025-06-20,SPDR S&P Biotech ETF (NYSEARCA:XBI) Stake Trimmed by Robertson Stephens Wealth Management LLC
2025-06-20,Cryptocurrency Stocks To Watch Today – June 17th
2025-06-20,"Video: Starz Shares a First Look at the Action-Packed Third and Final Season of ""Power Book IV: Force,"" Premiering Fall 2025"
2025-06-20,"Everything Blockchain Plans $10M Strategic Acquisition of SOL, XRP, SUI, TAO & HYPE — Front Running Wall Street"
2025-06-20,Is Packaging Corporation of America Underperforming the Nasdaq?
2025-06-20,Is SOFI Stock A Buy After Its 15% Rally?
2025-06-20,FLSmidth announces share buy-back programme of up to DKK 1.4 billion
2025-06-20,CHMP recommends third indication for darolutamide for patients with advanced prostate cancer
2025-06-20,Madrigal Receives Positive CHMP Opinion for Resmetirom (Rezdiffra™) for the Treatment of MASH with Moderate to Advanced Liver Fibrosis
2025-06-20,Best Casino Stocks To Follow Now – June 17th
2025-06-20,"S&P 500, Nasdaq finish lower; investors uneasy about Middle East conflict"
2025-06-20,Cloud Storage Stocks To Keep An Eye On – June 17th
2025-06-20,Recent Academic Research Shows Which Q2 Earnings Reports Could Have the Biggest Impact on Markets
2025-06-20,Axsome Therapeutics Champions Brain Health During Alzheimer's & Brain Awareness Month
2025-06-20,Axsome Therapeutics Champions Brain Health During Alzheimer’s & Brain Awareness Month
2025-06-20,Notification and public disclosure of transactions by persons discharging managerial responsibilities and persons closely associated with them
2025-06-20,"Crypto Daybook Americas: Bitcoin Buoyed by Trump, but Analysts Eye $92K Risk"
2025-06-20,Jeffs’ Brands and Impact Acquisitions Receive Approval from TSX Venture Exchange for Fort Products’ Merger at a Valuation of up to Approximately $15 Million
2025-06-20,EHang Forges Strategic Partnership with Changchun Jingyue High-Tech Zone to Deploy 41 EH216-S Units for eVTOL Applications in Extreme Cold Regions
2025-06-20,Is Loews Stock Outperforming the Nasdaq?
2025-06-20,BlackRock ETF scoops up 3.25% of Bitcoin supply as ‘new money’ dries up
2025-06-20,"Firefly Neuroscience Researchers Uncover Powerful New Way of Objectively Measuring SCD, MCI, and Dementia in Alzheimer’s Patients"
2025-06-20,"Sagespring Wealth Partners LLC Sells 139 Shares of Axon Enterprise, Inc (NASDAQ:AXON)"
2025-06-20,"Buy, Sell Or Hold Chime Stock?"
2025-06-20,Shipping Stocks To Watch Today – June 18th
2025-06-20,5G Stocks To Add to Your Watchlist – June 17th
2025-06-20,Automotive Stocks To Watch Today – June 17th
2025-06-20,Best Bank Stocks To Watch Today – June 17th
2025-06-20,Top Bitcoin Stocks Worth Watching – June 17th
2025-06-20,"Sagespring Wealth Partners LLC Has $252,000 Stock Position in Marvell Technology, Inc. (NASDAQ:MRVL)"
2025-06-20,"T. Rowe Price Group, Inc. (NASDAQ:TROW) Shares Bought by Sagespring Wealth Partners LLC"
2025-06-20,"Sagespring Wealth Partners LLC Buys 773 Shares of Robinhood Markets, Inc. (NASDAQ:HOOD)"
2025-06-20,QRG Capital Management Inc. Raises Position in SBA Communications Corporation (NASDAQ:SBAC)
2025-06-20,Chinese aviation company EHang picks Gotion High-Tech as preferred battery supplier for air taxis
2025-06-20,ON Semiconductor Corporation (NASDAQ:ON) Shares Purchased by QRG Capital Management Inc.
2025-06-20,Robertson Stephens Wealth Management LLC Trims Stock Holdings in Invesco BulletShares 2027 High Yield Corporate Bond ETF (NASDAQ:BSJR)
2025-06-20,"Robertson Stephens Wealth Management LLC Has $383,000 Stock Position in Gilead Sciences, Inc. (NASDAQ:GILD)"
2025-06-20,TikTok denies TRUMP memecoin buys in reply to congressman’s accusations
2025-06-20,Amazon's cloud business is revamping its AI app strategy and even considered sunsetting the Q chatbot
2025-06-20,Promising Fintech Stocks To Consider – June 18th
2025-06-20,Best Blue Chip Stocks To Follow Now – June 17th
2025-06-20,Best Energy Stocks To Keep An Eye On – June 17th
2025-06-20,"QRG Capital Management Inc. Increases Position in Zoom Communications, Inc. (NASDAQ:ZM)"
2025-06-20,"Li Auto has more supercharging locations than Tesla in China, CEO says"
2025-06-20,iShares Biotechnology ETF (NASDAQ:IBB) Shares Sold by Robertson Stephens Wealth Management LLC
2025-06-20,Sagespring Wealth Partners LLC Grows Stake in GE HealthCare Technologies Inc. (NASDAQ:GEHC)
2025-06-20,Equities Dip as President Donald Trump Rips Into Fed Chair Jerome Powell for Not Lowering Rates
2025-06-20,Aptose and Hanmi Enter New Loan Agreement to Advance Development of Tuspetinib in Triplet Therapy for AML
2025-06-20,FTRE COURT REMINDER: Fortrea Holdings Inc. Investors that Lost Money may have been Affected by Fraud -- Contact BFA Law by August 1 Court Deadline (NASDAQ:FTRE)
2025-06-20,"IOVA COURT REMINDER: Iovance Biotherapeutics, Inc. Investors that Lost Money may have been Affected by Fraud -- Contact BFA Law by July 14 Court Deadline (NASDAQ:IOVA)"
2025-06-20,"SRPT INQUIRY: Sarepta Therapeutics, Inc. Investors that Lost Money may have been Affected by Fraud -- Contact BFA Law (NASDAQ:SRPT)"
2025-06-20,Maris-Tech Unveils Peridot: A New AI-Powered Observation System for Comprehensive Threat Detection
2025-06-20,"$HAREHOLDER ALERT: Class Action Attorney Juan Monteverde Investigates the Merger of Verve Therapeutics, Inc. (NASDAQ: VERV)"
2025-06-20,5 things to know before the stock market opens Friday
2025-06-20,"Nvidia (NASDAQ: NVDA) Bull, Base, & Bear Price Prediction and Forecast (June 20)"
2025-06-20,SoFi Technologies (NASDAQ: SOFI) Price Prediction and Forecast 2025-2030 (June 20)
2025-06-20,AppLovin (NASDAQ: APP) Stock Price Prediction and Forecast 2025-2030 (June 20)
2025-06-20,IPG Photonics Releases High-Power Lasers on new RI platform
2025-06-20,Moleculin Announces $5.9 Million Public Offering
2025-06-20,Capricor Therapeutics Announces Positive 4-Year Data from HOPE-2 Open-Label Extension Study of Deramiocel in Duchenne Muscular Dystrophy
2025-06-20,"With Public Funding Under Pressure, Biotech Innovators Are Picking Up the Slack in Oncology"
2025-06-20,AS Inbank entered into merger agreement with Inbank Ventures OÜ
2025-06-20,LHV Group's own share acquisition transactions
2025-06-20,"$HAREHOLDER ALERT: Class Action Attorney Juan Monteverde Investigates the Merger of Cantaloupe, Inc. (NASDAQ: CTLP)"
2025-06-20,US stocks open higher with Trump's Middle East decision in focus
2025-06-20,US stocks rise in their return from the Juneteenth holiday
2025-06-20,Strategy (MSTR) Acquires $1B Bitcoin on Iran-Israel Conflict
2025-06-20,"Dear Tesla Stock Fans, Mark Your Calendars for June 30"
2025-06-20,$HAREHOLDER ALERT: Class Action Attorney Juan Monteverde Investigates the Merger of CureVac N.V. (NASDAQ: CVAC)
2025-06-20,"U.S. stock market futures fall: Dow, S&P 500, Nasdaq fall on oil drop, Fed signals, and rising Iran–Israel tensions"
2025-06-20,"Everything Blockchain plans $10m SOL, XRP, SUI, TAO, and HYPE purchase"
2025-06-20,Futures Rise As Trump Gives Himself Time On Iran; 7 New Buys - Investor's Business Daily
2025-06-20,Is Baxter International Stock Underperforming the Nasdaq?
2025-06-20,Bilibili Inc. Announces Results of Annual General Meeting
2025-06-20,Soleno Therapeutics Announces Multiple Presentations at the 2025 United in Hope: International Prader-Willi Syndrome Conference
2025-06-20,SpringWorks Therapeutics Receives Positive CHMP Opinion for Nirogacestat for the Treatment of Adults with Desmoid Tumors
2025-06-20,"Lifetime Brands, Inc. Announces Results of 2025 Annual Meeting"
2025-06-20,"Unity Bank Expands Branch Network with Opening of New Location in Madison, New Jersey"
2025-06-20,BullFrog AI’s Dr. Juan Felipe Beltrán to Highlight Advanced AI Strategies in Bioinformatics at XTalks Webinar
2025-06-20,"Bitcoin as corporate treasury: Why Meta, Amazon and Microsoft all said no"
2025-06-20,TikTok Hits Back At Congressman's '$300 Million Bribe' Accusation Over Trump Meme Coin
2025-06-20,Dow Set to Open Up After Trump Gives Markets Hope Over Iran
2025-06-20,Is Southwest Airlines Stock Underperforming the Nasdaq?
2025-06-20,NANO Nuclear and the Namibian Government Sign Memorandum of Understanding to Develop Namibian Domestic Nuclear Fuel Supply Chain Infrastructure
2025-06-20,Founder Group Management Comments on Market Conditions in the U.S. for Solar Power Companies’ Stocks
2025-06-20,Safety Shot Provides Update on Expected Closing of Yerbaé Brands Corp. Acquisition
2025-06-20,Journey Medical Corporation Announces Emrosi™ Data Analysis to be Presented at the Society of Dermatology Physician Associates (SDPA) 2025 Annual Summer Dermatology Conference
2025-06-20,Gaia to Participate in the iAccess Alpha Virtual Best Ideas Summer Investment Conference 2025 on June 24–25
2025-06-20,"West Bancorporation, Inc. to Announce Quarterly Results, Hold Conference Call"
2025-06-20,"Notice to Long-Term Shareholders of Manhattan Associates, Inc. (NASDAQ: MANH); Treace Medical Concepts, Inc. (NASDAQ: TMCI); Venture Global, Inc. (NYSE: VG); and Virtu Financial Inc. (NYSE: VIRT): Grabar Law is Investigating Claims on Your Behalf"
2025-06-20,VivoPower Closes First Phase of US$121 Million Private Placement
2025-06-20,Actuate Therapeutics Reports Positive Biomarker and Machine Learning Data from Phase 2 Elraglusib Trial in First-Line Treatment of Metastatic Pancreatic Cancer at ASCO
2025-06-20,Safe and Green Development Appoints New Board Members Following Acquisition of Resource Group US Holdings LLC
2025-06-20,"Sagespring Wealth Partners LLC Buys 439 Shares of Nasdaq, Inc. (NASDAQ:NDAQ)"
