date,title,source
"Fri, 01 Aug 2025 11:29:02 GMT",Stock Market Posts Worst Week in Months on Renewed Economic Fears - The New York Times,The New York Times
"Fri, 01 Aug 2025 11:38:05 GMT",High Growth US Tech Stocks To Watch In August 2025 - Yahoo Finance,Yahoo Finance
"Fri, 01 Aug 2025 11:43:55 GMT",5 things to know before the stock market opens Friday - CNBC,CNBC
"Fri, 01 Aug 2025 11:45:30 GMT",5 Things to Know Before the Stock Market Opens - Investopedia,Investopedia
"Fri, 01 Aug 2025 12:07:07 GMT","Stock market today: Dow, S&P 500, Nasdaq slide to solid month on sour note as Trump's tariff deadline, jobs report loom - Yahoo Finance",Yahoo Finance
"Fri, 01 Aug 2025 13:00:06 GMT","The Stock Market Is Good, Bad and Ugly, Often in Quick Succession - The New York Times",The New York Times
"Fri, 01 Aug 2025 13:32:17 GMT",Stock markets drop as Trump unleashes new round of global tariffs - NPR,NPR
"Fri, 01 Aug 2025 13:47:00 GMT","Dow sinks 500 points, global stocks drop as Trump unveils his tariffs - CNN",CNN
"Fri, 01 Aug 2025 20:28:00 GMT",Stock Market Today: Dow Loses 542 Points As Indexes See Red; Even Nvidia Falls (Live Coverage) - Investor's Business Daily,Investor's Business Daily
"Fri, 01 Aug 2025 20:31:43 GMT",Dow closes 500 points lower Friday as weak jobs data and new tariffs incite sell-off: Live updates - CNBC,CNBC
"Fri, 01 Aug 2025 22:22:00 GMT","Stock Market News From Aug. 1, 2025: Dow Drops After Weak Jobs Report, Trump Tariffs - Barron's",Barron's
"Fri, 01 Aug 2025 23:03:14 GMT","Stock market today: Dow, S&P 500, Nasdaq tank as market confidence cracks under Trump tariffs, weak jobs data - Yahoo Finance",Yahoo Finance
"Fri, 04 Apr 2025 07:00:00 GMT","Stock market today: Dow plunges 2,200 points, Nasdaq enters bear market as Trump tariffs spark worst meltdown since 2020 - Yahoo Finance",Yahoo Finance
"Fri, 04 Apr 2025 07:00:00 GMT","Dow plunges 2,200 points as tariff tumult rocks markets - CNN",CNN
"Fri, 04 Apr 2025 07:00:00 GMT","Stock Market on April 4, 2025: Dow plunges 2,231 points into correction territory while Nasdaq enters bear market; S&P 500 books biggest weekly drop since 2020 as China retaliates on tariffs. - MarketWatch",MarketWatch
"Fri, 04 Apr 2025 07:00:00 GMT","Feeling queasy about the stock market? Think twice before selling, financial advisers say - PBS",PBS
"Fri, 04 Apr 2025 07:00:00 GMT","Stock Market News, April 4, 2025: Dow Tumbles 2,200 Points, Bonds Rally After China Retaliates Against Trump Tariffs - The Wall Street Journal",The Wall Street Journal
"Fri, 04 Apr 2025 07:00:00 GMT","Dow Jones plunges over 2,200 points as tariff carnage roils global markets - NPR",NPR
"Fri, 04 Jul 2025 07:00:00 GMT",High Growth Tech Stocks In The US To Watch This July 2025 - Yahoo Finance,Yahoo Finance
"Fri, 04 Jul 2025 07:00:00 GMT",3 Leading Tech Stocks to Buy in 2025 - The Motley Fool,The Motley Fool
"Fri, 04 Jul 2025 07:00:00 GMT",Exploring 3 High Growth Tech Stocks in the US Market - Yahoo Finance,Yahoo Finance
"Fri, 06 Jun 2025 07:00:00 GMT",Does the Nasdaq Composite Still Have Room to Run? - Nasdaq,Nasdaq
"Fri, 07 Mar 2025 08:00:00 GMT",Nasdaq confirms correction amid US trade policy uncertainty - Reuters,Reuters
"Fri, 07 Mar 2025 08:00:00 GMT",Nasdaq Joins Exchanges Seeking to Offer Round-the-Clock Trading - Bloomberg.com,Bloomberg.com
"Fri, 07 Mar 2025 08:00:00 GMT",Nasdaq plans 24-hour trading as global appetite for US stocks grows - Reuters,Reuters
"Fri, 07 Mar 2025 08:00:00 GMT",Nasdaq stock market plans move to 24-hour trading in US - Fierce Biotech,Fierce Biotech
"Fri, 07 Mar 2025 08:00:00 GMT",Nasdaq joins in race to offer 24-hour equity trading - Financial Times,Financial Times
"Fri, 07 Mar 2025 08:00:00 GMT",Nasdaq Plans to Launch 24-Hour Trading Next Year - Investopedia,Investopedia
"Fri, 11 Jul 2025 07:00:00 GMT",2 No-Brainer Tech Stocks to Buy Right Now - The Motley Fool,The Motley Fool
"Fri, 11 Jul 2025 07:00:00 GMT","Stock market today: Dow falls 250 points, S&P 500, Nasdaq retreat from record as Trump escalates tariff threats - Yahoo Finance",Yahoo Finance
"Fri, 11 Jul 2025 07:00:00 GMT",Nvidia and Other Big Tech Stocks That Are Cheaper Than You Might Think - Barron's,Barron's
"Fri, 11 Jul 2025 07:00:00 GMT",High Growth Tech Stocks To Watch In July 2025 - Yahoo Finance,Yahoo Finance
"Fri, 11 Jul 2025 07:00:00 GMT",Exploring 3 High Growth Tech Stocks In The US Market - Yahoo Finance,Yahoo Finance
"Fri, 11 Jul 2025 07:00:00 GMT",S&P 500 and Nasdaq composite pull back from their all-time highs - Los Angeles Times,Los Angeles Times
"Fri, 13 Jun 2025 07:00:00 GMT",You can still find hot tech stocks as a value investor — if you take this approach - MarketWatch,MarketWatch
"Fri, 13 Jun 2025 07:00:00 GMT","Stock market today: Dow, S&P 500, Nasdaq dive, oil surges as Israel and Iran trade strikes - Yahoo Finance",Yahoo Finance
"Fri, 16 May 2025 07:00:00 GMT",US stock market gains may slow after torrid rebound from tariff swoon - Reuters,Reuters
"Fri, 16 May 2025 07:00:00 GMT","Stock market today: S&P 500 notches 5-day win streak, Nasdaq gains 7% for week as Wall Street shakes off trade war worries - Yahoo Finance",Yahoo Finance
"Fri, 16 May 2025 07:00:00 GMT",Why tech stocks could keep rallying - Goldman Sachs,Goldman Sachs
"Fri, 16 May 2025 07:00:00 GMT","Got $5,000? 3 Tech Stocks to Buy and Hold for the Long Term - The Motley Fool",The Motley Fool
"Fri, 16 May 2025 07:00:00 GMT",The Best ETFs for Tech Stock Investors - Morningstar,Morningstar
"Fri, 18 Apr 2025 07:00:00 GMT",These 15 tech stocks could rocket up to 85% in a year — and analysts love them - MarketWatch,MarketWatch
"Fri, 18 Jul 2025 07:00:00 GMT",Index of unprofitable tech stocks hits highest level since April 2022 - MarketWatch,MarketWatch
"Fri, 18 Jul 2025 07:00:00 GMT","Stock Market News, July 18, 2025: Another Record for Nasdaq - The Wall Street Journal",The Wall Street Journal
"Fri, 18 Jul 2025 07:00:00 GMT",Top China Tech Stocks to Add to Your Portfolio for Impressive Returns - Yahoo Finance,Yahoo Finance
"Fri, 18 Jul 2025 07:00:00 GMT",US High Growth Tech Stocks To Watch For Potential Gains - Yahoo Finance,Yahoo Finance
"Fri, 18 Jul 2025 07:00:00 GMT",Is the U.S. Riskier Than Emerging Markets? - The New York Times,The New York Times
"Fri, 18 Jul 2025 07:00:00 GMT",The Stock Market Bargain That’s Right Under Your Nose - The Wall Street Journal,The Wall Street Journal
"Fri, 23 May 2025 07:00:00 GMT",Philippine Stock Exchange adopts Nasdaq Eqlipse Trading - Securities Finance Times,Securities Finance Times
"Fri, 25 Apr 2025 07:00:00 GMT","Stock Market News, April 25, 2025: Nasdaq Climbs More Than 1% as Stocks Finish Strong Week - The Wall Street Journal",The Wall Street Journal
"Fri, 25 Jul 2025 07:00:00 GMT",3 Soaring Tech Stocks With Amazing Dividends - Yahoo Finance,Yahoo Finance
"Fri, 25 Jul 2025 07:00:00 GMT",5 Tech Stocks That Could Help Set You Up for Life - The Motley Fool,The Motley Fool
"Fri, 25 Jul 2025 07:00:00 GMT","Markets News, July 25, 2025: S&P 500, Nasdaq Close Out Strong Week at Record Highs; Tesla Rebounds from Sell-Off, Intel Drops After Weak Earnings - Investopedia",Investopedia
"Fri, 25 Jul 2025 07:00:00 GMT","S&P 500, Nasdaq close at records; Deckers soars on UGG demand - Reuters",Reuters
"Fri, 25 Jul 2025 07:00:00 GMT","Stock market today: S&P 500 clears 5th-straight record, Nasdaq hits fresh high as earnings, trade hopes bolster stocks - Yahoo Finance",Yahoo Finance
"Fri, 27 Jun 2025 07:00:00 GMT","Stock market today: S&P 500, Nasdaq notch record closes, brushing off renewed trade tensions - Yahoo Finance",Yahoo Finance
"Fri, 27 Jun 2025 07:00:00 GMT","Nasdaq hits record high, on track for a new bull market - Reuters",Reuters
"Fri, 27 Jun 2025 07:00:00 GMT","S&P 500, Nasdaq hit record closing highs as stock market surges - ABC News",ABC News
"Fri, 27 Jun 2025 07:00:00 GMT","S&P 500, Nasdaq hit record closing highs amid trade negotiations, rate cut bets - Reuters",Reuters
"Fri, 27 Jun 2025 07:00:00 GMT","A Recipe for Doubling Your Stock Returns, Again and Again - The New York Times",The New York Times
"Fri, 27 Jun 2025 07:00:00 GMT","Stock Market on June 27, 2025: S&P 500, Nasdaq close at all-time highs; U.S. stocks shake off Trump's remarks about trade with Canada - MarketWatch",MarketWatch
"Fri, 27 Jun 2025 07:00:00 GMT","America’s incredible stock market rebound is complete as S&P 500, Nasdaq hit record highs - CNN",CNN
"Fri, 28 Mar 2025 07:00:00 GMT","Tech stocks are struggling. But there's a big difference between now and 2000, Goldman says. - MarketWatch",MarketWatch
"Fri, 28 Mar 2025 07:00:00 GMT",Nvidia-backed CoreWeave closes flat at $40 after biggest U.S. tech IPO since 2021 - CNBC,CNBC
"Fri, 30 May 2025 07:00:00 GMT",2 Cheap Tech Stocks to Buy Right Now - Nasdaq,Nasdaq
"Mon, 02 Jun 2025 07:00:00 GMT","Stock market today: Dow, S&P 500, Nasdaq close higher as US-China trade tensions flare up - Yahoo Finance",Yahoo Finance
"Mon, 02 Jun 2025 07:00:00 GMT",Philippines' DoubleDragon subsidiary Hotel101 progresses towards Nasdaq listing - Reuters,Reuters
"Mon, 03 Mar 2025 08:00:00 GMT",A Stock Market Rotation Is Underway. Will It Last? - Morningstar,Morningstar
"Mon, 04 Aug 2025 11:34:04 GMT",5 Things to Know Before the Stock Market Opens - Investopedia,Investopedia
"Mon, 04 Aug 2025 11:48:59 GMT",5 things to know before the Monday open: Berkshire's tariff fears | Ethereum turns 10 | Restaurants embrace spicy - CNBC,CNBC
"Mon, 04 Aug 2025 16:11:37 GMT","Stock market today: Dow jumps 500 points, S&P 500, Nasdaq rally in bounce back from Friday sell-off - Yahoo Finance",Yahoo Finance
"Mon, 04 Aug 2025 19:37:09 GMT","Dow rebounds nearly 600 points and wipes out Friday’s loss, S&P 500 ends four-day losing run - CNBC",CNBC
"Mon, 04 Aug 2025 20:06:31 GMT","Stock market today: Dow jumps 580 points, S&P 500, Nasdaq have best day since May as Wall Street bounces back - Yahoo Finance",Yahoo Finance
"Mon, 04 Aug 2025 20:27:21 GMT","US stocks rebound: Nasdaq soars, driven by Nvidia record high - Yahoo Finance",Yahoo Finance
"Mon, 04 Aug 2025 20:35:00 GMT",Stock Market Today: Dow Rallies; Palantir Surges; Trump Says This On Sydney Sweeney Ad As American Eagle Soars - Investor's Business Daily,Investor's Business Daily
"Mon, 04 Aug 2025 21:53:57 GMT",Wall Street Warns of a Stock Market Correction - Bloomberg.com,Bloomberg.com
"Mon, 07 Apr 2025 07:00:00 GMT",This is the stock market’s worst start to a presidential term in modern history - CNN,CNN
"Mon, 07 Apr 2025 07:00:00 GMT",Dow slides more than 300 points as Trump tariffs rattle stocks for a third day: Live updates - CNBC,CNBC
"Mon, 07 Apr 2025 07:00:00 GMT","Stock market today: Dow sinks 350 points, S&P 500 falls for third day as tariffs send stocks on roller coaster - Yahoo Finance",Yahoo Finance
"Mon, 07 Jul 2025 07:00:00 GMT",Exploring High Growth Tech Stocks In The US Market - Yahoo Finance,Yahoo Finance
"Mon, 07 Jul 2025 07:00:00 GMT",U.S. Stocks Pull Back Sharply Amid Renewed Trade Concerns - Nasdaq,Nasdaq
"Mon, 07 Jul 2025 07:00:00 GMT",High Growth Tech Stocks To Watch In The US July 2025 - Yahoo Finance,Yahoo Finance
"Mon, 10 Mar 2025 07:00:00 GMT",Stock market sell-off worsens as Wall Street wonders how much pain Trump will endure for the economy - PBS,PBS
"Mon, 10 Mar 2025 07:00:00 GMT","Stock market today: Dow sinks 900 points, Nasdaq plunges 4% in worst day since 2022 - Yahoo Finance",Yahoo Finance
"Mon, 10 Mar 2025 07:00:00 GMT","Big Tech stocks fall: It may be time to buy, strategist argues - Yahoo Finance",Yahoo Finance
"Mon, 14 Apr 2025 07:00:00 GMT",Tariffs tanked the stock market. Did investors panic and sell? Here's the data. - USA Today,USA Today
"Mon, 14 Jul 2025 07:00:00 GMT",3 Top Tech Stocks That Could Make You a Millionaire - The Motley Fool,The Motley Fool
"Mon, 14 Jul 2025 07:00:00 GMT","Stock market today: Nasdaq secures record close as investors shake off tariff threats, eye key inflation data - Yahoo Finance",Yahoo Finance
"Mon, 16 Jun 2025 07:00:00 GMT",Nasdaq’s View: The Road to 24-Hour Trading - Nasdaq,Nasdaq
"Mon, 17 Mar 2025 07:00:00 GMT",Fallen tech stocks fail to entice wary investors - InvestmentNews,InvestmentNews
"Mon, 19 May 2025 07:00:00 GMT",3 Reasons Trump’s Tariffs Are Tanking The Stock Market - Poole College of Management,Poole College of Management
"Mon, 21 Jul 2025 07:00:00 GMT",Stocks Finish Slightly Lower on Mixed Earnings Results - Nasdaq,Nasdaq
"Mon, 21 Jul 2025 07:00:00 GMT",The Nasdaq is partying like it’s 1999. Why that might signal a stock-market selloff ahead - MarketWatch,MarketWatch
"Mon, 21 Jul 2025 07:00:00 GMT",US High Growth Tech Stocks To Watch In July 2025 - Yahoo Finance,Yahoo Finance
"Mon, 21 Jul 2025 07:00:00 GMT","S&P 500 and Nasdaq notch record high closes, lifted by Alphabet - Reuters",Reuters
"Mon, 21 Jul 2025 07:00:00 GMT","Stock market today: Dow, S&P 500, Nasdaq rise to start busy week of Big Tech-dominated earnings - Yahoo Finance",Yahoo Finance
"Mon, 21 Jul 2025 22:06:47 GMT",S&P 500 ekes out another record close Tuesday as traders react to latest earnings: Live updates - CNBC,CNBC
"Mon, 23 Jun 2025 07:00:00 GMT",The Stock Market’s Irrational Exuberance - American Enterprise Institute,American Enterprise Institute
"Mon, 24 Mar 2025 07:00:00 GMT",Nasdaq’s opening bell will ring for USC research startup NeOnc - USC Today,USC Today
"Mon, 24 Mar 2025 07:00:00 GMT",Nikola Corporation Announces Intent to Voluntarily Delist from Nasdaq and Deregister with the SEC - nikolamotor.com,nikolamotor.com
"Mon, 28 Apr 2025 07:00:00 GMT","Stock Market News, April 28, 2025: Investors Look for More Tariff Deal Progress, S&P 500 Rises - The Wall Street Journal",The Wall Street Journal
"Mon, 28 Jul 2025 07:00:00 GMT","S&P, Nasdaq again close at record highs, trade choppy - Reuters",Reuters
"Mon, 28 Jul 2025 07:00:00 GMT","Hedge funds ditch tech and buy essentials, Goldman Sachs says - Reuters",Reuters
"Mon, 28 Jul 2025 07:00:00 GMT",Stock market rally stalls as Wall Street digests US-EU trade deal - CNN,CNN
"Mon, 28 Jul 2025 07:00:00 GMT",High Growth Tech Stocks In The US To Watch This July 2025 - Yahoo Finance,Yahoo Finance
"Mon, 28 Jul 2025 07:00:00 GMT",3 Tech Stocks to Watch During Earnings Season - The Motley Fool,The Motley Fool
"Mon, 28 Jul 2025 07:00:00 GMT",S&P 500 closes little changed as EU trade deal fails to spark rally: Live updates - CNBC,CNBC
"Mon, 28 Jul 2025 22:04:05 GMT","S&P 500 retreats from record, Dow falls 200 points with China talks in limbo and Fed decision ahead: Live updates - CNBC",CNBC
"Mon, 30 Jun 2025 07:00:00 GMT",Chinese tech stocks soar in 2025 while US giants stall - Yahoo Finance,Yahoo Finance
"Mon, 30 Jun 2025 07:00:00 GMT","Stock Market News for Jun 30, 2025 - Nasdaq",Nasdaq
"Mon, 30 Jun 2025 07:00:00 GMT",The Best Tech Stocks to Buy - Kiplinger,Kiplinger
"Mon, 30 Jun 2025 07:00:00 GMT","Stock market today: S&P 500, Nasdaq jump to fresh records, capping stunning second-quarter comeback - Yahoo Finance",Yahoo Finance
"Mon, 30 Jun 2025 07:00:00 GMT","Markets News, June 30, 2025: S&P 500, Nasdaq Rise to New Highs; Major Stock Indexes Post Big Gains for 2nd Straight Month - Investopedia",Investopedia
"Mon, 31 Mar 2025 07:00:00 GMT",Stocks close out their worst quarter since 2022 amid tariff uncertainty - NBC News,NBC News
"Mon, 31 Mar 2025 07:00:00 GMT",Recent NYSE and Nasdaq Regulatory Updates Regarding Reverse Stock Splits - Hunton Andrews Kurth LLP,Hunton Andrews Kurth LLP
"Mon, 31 Mar 2025 07:00:00 GMT","Hedge funds are selling off global tech stocks at fastest pace in 6 months, Goldman Sachs says - Fortune",Fortune
"Sat, 01 Mar 2025 08:00:00 GMT",The impact of global supply chain pressure on the stock market: A sectoral view - Nature,Nature
"Sat, 02 Aug 2025 08:30:00 GMT",5 Cheap Tech Stocks to Buy Right Now - The Motley Fool,The Motley Fool
"Sat, 12 Jul 2025 07:00:00 GMT",The Danger of a Market Melt-Up - The New York Times,The New York Times
"Sat, 12 Jul 2025 07:00:00 GMT",16 Best New Tech Stocks With Huge Upside Potential - Insider Monkey,Insider Monkey
"Sat, 24 May 2025 07:00:00 GMT",Should You Buy These Beaten-Down Tech Stocks? - The Motley Fool,The Motley Fool
"Sat, 28 Jun 2025 07:00:00 GMT",Tech stocks are powering this record-setting rally on Wall Street — but how long can it last? - MarketWatch,MarketWatch
"Sun, 03 Aug 2025 12:05:00 GMT",5 Hypergrowth Tech Stocks to Buy in 2025 - The Motley Fool,The Motley Fool
"Sun, 06 Apr 2025 07:00:00 GMT",History Says the Best Time to Buy Stocks May Be Coming - Nasdaq,Nasdaq
"Sun, 06 Apr 2025 07:00:00 GMT",3 Beaten-Down Tech Stocks to Buy That Have Raised Their Dividends for 15 Years in a Row - Nasdaq,Nasdaq
"Sun, 06 Jul 2025 07:00:00 GMT",5 Top Tech Stocks to Buy in July - The Motley Fool,The Motley Fool
"Sun, 09 Mar 2025 08:00:00 GMT",The Wall Street strategist who nailed the stock market's recent mega-rallies sees a 10%-15% jump in the coming months - Fortune,Fortune
"Sun, 11 May 2025 07:00:00 GMT",Big news missing the big picture: Stock market performance in the news - CEPR,CEPR
"Sun, 13 Apr 2025 07:00:00 GMT",Here’s Savvy Advice on What to Do With Tech Stocks Now - Barron's,Barron's
"Sun, 13 Jul 2025 22:05:25 GMT",S&P 500 posts slim gain Monday as traders hope for lower tariffs before Aug. 1 deadline: Live updates - CNBC,CNBC
"Sun, 20 Jul 2025 07:00:00 GMT",3 Cheap Tech Stocks to Buy Right Now - The Motley Fool,The Motley Fool
"Sun, 27 Apr 2025 07:00:00 GMT",Here's How Much a $100 Monthly Investment in the Nasdaq 100 Could Grow Over the Long Term - Nasdaq,Nasdaq
"Sun, 27 Jul 2025 07:00:00 GMT",Here's a puzzling question: Why are stocks at record highs despite looming tariffs? - NPR,NPR
"Thu, 01 May 2025 07:00:00 GMT",Big Tech Stocks Have Had a Magnificent Day So Far - Investopedia,Investopedia
"Thu, 01 May 2025 07:00:00 GMT",3 Tech Stocks You Can Buy and Hold for the Next Decade - The Motley Fool,The Motley Fool
"Thu, 01 May 2025 07:00:00 GMT",Nasdaq Plan Will Bring Zero-Day Option Boom Closer to Single Stocks - Bloomberg.com,Bloomberg.com
"Thu, 01 May 2025 11:04:34 GMT",Nasdaq - Mercedes-AMG PETRONAS F1 Team,Mercedes-AMG PETRONAS F1 Team
"Thu, 03 Apr 2025 07:00:00 GMT",Magnificent 7 relinquishes more than $1 trillion as tech drives stock market nosedive - CNBC,CNBC
"Thu, 03 Apr 2025 07:00:00 GMT","Dow drops 1,600 as US stocks lead worldwide sell-off after Trump’s tariffs cause a COVID-like shock - AP News",AP News
"Thu, 03 Apr 2025 07:00:00 GMT",Retail traders rush to snap up tariff-shocked tech stocks - InvestmentNews,InvestmentNews
"Thu, 03 Apr 2025 07:00:00 GMT","Dow nosedives 1,600 points, S&P 500 and Nasdaq drop the most since 2020 after Trump's tariff onslaught - CNBC",CNBC
"Thu, 03 Apr 2025 07:00:00 GMT","Technology: Stocks Are Selling Off, Creating More Investment Opportunities - Morningstar",Morningstar
"Thu, 03 Apr 2025 07:00:00 GMT","Stock market today: Dow plunges 1,700 points, Nasdaq, S&P 500 pummeled in biggest rout since 2020 - Yahoo Finance",Yahoo Finance
"Thu, 03 Jul 2025 07:00:00 GMT",5 Top Tech Stocks to Buy Right Now - The Motley Fool,The Motley Fool
"Thu, 03 Jul 2025 07:00:00 GMT","S&P 500, Nasdaq close at records on jobs data; Nvidia market cap nears $4 trillion - Reuters",Reuters
"Thu, 05 Jun 2025 07:00:00 GMT","Stock Market News From June 5, 2025: Stocks Drop on Trump and Musk Feud - Barron's",Barron's
"Thu, 06 Mar 2025 08:00:00 GMT","So long, Trump bump: Tech stocks wipe out last of post-election gains - CNBC",CNBC
"Thu, 06 Mar 2025 08:00:00 GMT",US stocks sink on tech sell-off and tariff worries - Financial Times,Financial Times
"Thu, 06 Mar 2025 10:37:40 GMT",What We’ve Learned From 150 Years of Stock Market Crashes - Morningstar,Morningstar
"Thu, 08 May 2025 07:00:00 GMT",Trump Tariffs Still Loom Large Over Tech Stocks - Morningstar,Morningstar
"Thu, 10 Apr 2025 07:00:00 GMT",How a Global Trade War Hurts the U.S. Stock Market - Poole College of Management,Poole College of Management
"Thu, 10 Apr 2025 07:00:00 GMT","Dow tumbles 1,000 points, wiping out a chunk of Wednesday’s historic rally: Live updates - CNBC",CNBC
"Thu, 10 Apr 2025 07:00:00 GMT",Why some are accusing Trump of manipulating stock markets - NPR,NPR
"Thu, 10 Apr 2025 07:00:00 GMT","Stock market today: Dow slides 1,000 points, Nasdaq, S&P 500 clobbered as stocks resume Trump tariff sell-off - Yahoo Finance",Yahoo Finance
"Thu, 10 Jul 2025 07:00:00 GMT",The Nasdaq Is Mirroring the 1990s. It Isn’t a Bubble This Time. - Barron's,Barron's
"Thu, 10 Jul 2025 07:00:00 GMT","Markets News, July 10, 2025: S&P 500, Nasdaq Hit New Highs as Airline Stocks Soar After Strong Delta Earnings; Bitcoin Surges to Record - Investopedia",Investopedia
"Thu, 10 Jul 2025 07:00:00 GMT",Headline Fatigue: Does the Stock Market Care About Tariffs Anymore? - Morningstar,Morningstar
"Thu, 10 Jul 2025 07:00:00 GMT","Stock market today: S&P 500, Nasdaq eke out fresh records, Nvidia closes at $4T market cap - Yahoo Finance",Yahoo Finance
"Thu, 10 Jul 2025 07:00:00 GMT",High Growth Tech Stocks in the United Kingdom to Watch - Yahoo Finance,Yahoo Finance
"Thu, 10 Jul 2025 07:00:00 GMT",US High Growth Tech Stocks To Watch In July 2025 - Yahoo Finance,Yahoo Finance
"Thu, 10 Jul 2025 07:00:00 GMT",Exploring 3 High Growth Tech Stocks In The US Market - Yahoo Finance,Yahoo Finance
"Thu, 10 Jul 2025 07:00:00 GMT",Exploring High Growth Tech Stocks In Australia July 2025 - Yahoo Finance,Yahoo Finance
"Thu, 10 Jul 2025 07:00:00 GMT",2 Top Tech Stocks to Buy Before they Soar in the Second Half - Yahoo Finance,Yahoo Finance
"Thu, 12 Jun 2025 07:00:00 GMT",Voyager’s Big IPO Pop Shows Appeal of Defense Tech Stocks - Morningstar,Morningstar
"Thu, 13 Mar 2025 07:00:00 GMT",Tech stocks keep tumbling this year. Here’s why - Los Angeles Times,Los Angeles Times
"Thu, 15 May 2025 07:00:00 GMT",Thoma Bravo Sells Remaining $3.4 Billion Nasdaq Stake - Bloomberg.com,Bloomberg.com
"Thu, 15 May 2025 07:00:00 GMT",A Nasdaq Bull Market Is Coming. 3 Things You Should Do Before It Arrives. - Nasdaq,Nasdaq
"Thu, 17 Apr 2025 07:00:00 GMT",Chinese tea chain Chagee valued at $6.2 billion as shares pop in Nasdaq debut - Reuters,Reuters
"Thu, 17 Jul 2025 07:00:00 GMT","Markets News, July 17, 2025: S&P 500, Nasdaq Close at Record Highs as Investors React to Strong Earnings, Economic Data - Investopedia",Investopedia
"Thu, 17 Jul 2025 07:00:00 GMT","S&P 500, Nasdaq end at fresh record highs as data, earnings point to consumer strength - Reuters",Reuters
"Thu, 24 Apr 2025 07:00:00 GMT",Has the stock market hit bottom? History is a guide - CNN,CNN
"Thu, 24 Jul 2025 07:00:00 GMT","S&P 500, Nasdaq close at fresh records following solid Alphabet earnings: Live updates - CNBC",CNBC
"Thu, 24 Jul 2025 07:00:00 GMT","S&P 500 posts fifth straight record close this week, powered by solid earnings: Live updates - CNBC",CNBC
"Thu, 24 Jul 2025 07:00:00 GMT","S&P 500 and Nasdaq notch record closes, lifted by Alphabet - Reuters",Reuters
"Thu, 24 Jul 2025 07:00:00 GMT",Stock market today: S&P 500 notches 4th consecutive record as Google earnings fuel AI hopes - Yahoo Finance,Yahoo Finance
"Thu, 26 Jun 2025 07:00:00 GMT","Stock market today: Stock rally leaves S&P 500, Nasdaq within inches of records, Dow gains 400 points - Yahoo Finance",Yahoo Finance
"Thu, 29 May 2025 07:00:00 GMT",Tech Stocks Are in Rally Mode. The Gains Will Keep Coming. - Barron's,Barron's
"Thu, 31 Jul 2025 10:44:21 GMT",Microsoft hits $4tn market value as tech stocks rise to new highs - Financial Times,Financial Times
"Thu, 31 Jul 2025 12:00:00 GMT",2 Tech Stocks You Can Buy and Hold for the Next Decade - The Motley Fool,The Motley Fool
"Thu, 31 Jul 2025 20:19:00 GMT",August is historically a bad month for Big Tech stocks. What to expect this year. - MarketWatch,MarketWatch
"Thu, 31 Jul 2025 20:51:00 GMT",Stock Market Today: Indexes Drop While Amazon Rises Ahead Of Earnings; Figma Catapults 277% On New IPO - Investor's Business Daily,Investor's Business Daily
"Tue, 01 Jul 2025 07:00:00 GMT",Daily: Tech stocks have more to go despite all-time highs - UBS,UBS
"Tue, 01 Jul 2025 07:00:00 GMT","Tech Stocks Fall, Led by Tesla, and the Market Slips From All-Time High - The Wall Street Journal",The Wall Street Journal
"Tue, 01 Jul 2025 07:00:00 GMT","Markets News, July 1, 2025: S&P 500, Nasdaq Slip After Two Days of Record Highs as Tech Stocks Slump; Tesla Drops on Musk-Trump Fracas - Investopedia",Investopedia
"Tue, 01 Jul 2025 07:00:00 GMT","Nasdaq, S&P 500 close lower, weighed by tech stocks, Dow ends up - Reuters",Reuters
"Tue, 03 Jun 2025 07:00:00 GMT","Stock market today: Dow, S&P 500, Nasdaq rise as Nvidia jumps to highest since January - Yahoo Finance",Yahoo Finance
"Tue, 04 Mar 2025 08:00:00 GMT",U.S. stock markets plunge as Trump's tariffs spark fears about a trade war - NPR,NPR
"Tue, 04 Mar 2025 08:00:00 GMT","Dow tumbles again, loses more than 1,300 points in two days as Trump ignites trade war: Live updates - CNBC",CNBC
"Tue, 04 Mar 2025 08:00:00 GMT",The stock market's Trump bump becomes a Trump slump - Axios,Axios
"Tue, 05 Aug 2025 01:41:00 GMT","Stock Market News, Aug. 4, 2025: Dow Gains Nearly 600 Points, Bouncing Back From Friday Decline - The Wall Street Journal",The Wall Street Journal
"Tue, 05 Aug 2025 07:00:00 GMT",E-mini Nasdaq-100 Overview - CME Group,CME Group
"Tue, 05 Aug 2025 11:15:00 GMT",3 Cheap Tech Stocks to Buy Right Now - The Motley Fool,The Motley Fool
"Tue, 05 Aug 2025 11:40:24 GMT",5 things to know before the Tuesday open: Palantir earnings | ChatGPT's next milestone | Trump applauds American Eagle - CNBC,CNBC
"Tue, 05 Aug 2025 11:50:00 GMT",Any of these 8 tech stocks could become a $5 trillion company before Nvidia does - MarketWatch,MarketWatch
"Tue, 05 Aug 2025 17:08:30 GMT",Modular building startup Boxabl to list on Nasdaq in $3.5 billion SPAC deal - Reuters,Reuters
"Tue, 05 Aug 2025 17:20:15 GMT","S&P 500 closes lower Tuesday, weighed down by tariff fears and poor economic data: Live updates - CNBC",CNBC
"Tue, 05 Aug 2025 17:36:43 GMT","Stock market today: Dow, S&P 500, Nasdaq mixed as Wall Street eyes earnings, trade tensions - Yahoo Finance",Yahoo Finance
"Tue, 05 Aug 2025 20:30:00 GMT",Stock Market Today: Dow Retreats After Back-And-Forth Action; Palantir Makes This Bold Move (Live Coverage) - Investor's Business Daily,Investor's Business Daily
"Tue, 05 Aug 2025 20:33:00 GMT","Stock Market News, Aug. 5, 2025: Dow, S&P 500 and Nasdaq finish lower after ISM services survey comes in weaker than expected - MarketWatch",MarketWatch
"Tue, 05 Aug 2025 21:43:43 GMT",August 2025 Stock Market Outlook: Where We See Investing Opportunities - Morningstar,Morningstar
"Tue, 06 May 2025 07:00:00 GMT",2 Tech Stocks That Could Help Set You Up for Life - The Motley Fool,The Motley Fool
"Tue, 06 May 2025 07:00:00 GMT",3 Leading Tech Stocks to Buy in 2025 - The Motley Fool,The Motley Fool
"Tue, 08 Apr 2025 07:00:00 GMT",New Texas Stock Exchange Aims at Nasdaq and NYSE - Troutman Pepper Locke,Troutman Pepper Locke
"Tue, 08 Apr 2025 07:00:00 GMT",Stock Market Circuit Breakers: What You Need to Know - Nasdaq,Nasdaq
"Tue, 08 Apr 2025 07:00:00 GMT","Stock Market News, April 8, 2025: Dow erases 1,461 point gain to end lower, S&P 500 and Nasdaq suffer major reversal amid renewed tariff jitters - MarketWatch",MarketWatch
"Tue, 08 Apr 2025 07:00:00 GMT",6 of the Best-Performing Tech Stocks of the Past Decade - Money/ US News,Money/ US News
"Tue, 08 Apr 2025 07:00:00 GMT",Buying tech stocks now? Here are the biggest do’s and don’ts. - MarketWatch,MarketWatch
"Tue, 08 Jul 2025 07:00:00 GMT",‘The Next Leg Up Is Coming’: Daniel Ives Suggests 3 Tech Stocks to Buy - Yahoo Finance,Yahoo Finance
"Tue, 08 Jul 2025 07:00:00 GMT",Opinion: Think you’ve missed the stock-market rally since ‘liberation day’? Think again. - MarketWatch,MarketWatch
"Tue, 08 Jul 2025 07:00:00 GMT",US High Growth Tech Stocks to Watch Now - Yahoo Finance,Yahoo Finance
"Tue, 10 Jun 2025 07:00:00 GMT","Tech stocks are making a comeback, but it doesn’t look sustainable. Here’s how to play the sector. - MarketWatch",MarketWatch
"Tue, 11 Mar 2025 07:00:00 GMT","Dow plunges more than 1,000 points, Nasdaq craters as recession fears batter stocks - CBS News",CBS News
"Tue, 11 Mar 2025 07:00:00 GMT",Stocks close out volatile day as investors say market is ‘sick and tired’ of Trump’s tariff chaos - CNN,CNN
"Tue, 11 Mar 2025 07:00:00 GMT",US stock market loses $4 trillion in value as Trump plows ahead on tariffs - Reuters,Reuters
"Tue, 13 May 2025 07:00:00 GMT",S&P 500 Gains & Losses Today: Index Extends Gains as Tech Stocks Surge - Investopedia,Investopedia
"Tue, 15 Jul 2025 07:00:00 GMT",Nasdaq ends at another record high on Nvidia's China chip cheer - Reuters,Reuters
"Tue, 15 Jul 2025 07:00:00 GMT",5 Things to Know Before the Stock Market Opens - Investopedia,Investopedia
"Tue, 15 Jul 2025 07:00:00 GMT","Markets News, July 15, 2025: Nasdaq Closes at New High as Nvidia Leads Tech Rally; S&P Backs Off Record as Bank Stocks Slump - Investopedia",Investopedia
"Tue, 15 Jul 2025 07:00:00 GMT",Exploring 3 High Growth Tech Stocks In The US Market - Yahoo Finance,Yahoo Finance
"Tue, 15 Jul 2025 07:00:00 GMT",Investors pile into US tech stocks at fastest pace in 16 years - Financial Times,Financial Times
"Tue, 15 Jul 2025 07:00:00 GMT","Alibaba & Chinese tech stocks jump, Nvidia lifts AMD & Broadcom - Yahoo Finance",Yahoo Finance
"Tue, 15 Jul 2025 07:00:00 GMT",2 Best Tech Stocks to Buy in July - The Motley Fool,The Motley Fool
"Tue, 15 Jul 2025 09:46:24 GMT","Dow drops 400 points on earnings, inflation woes; Nvidia lifts Nasdaq to record close: Live updates - CNBC",CNBC
"Tue, 17 Jun 2025 07:00:00 GMT",3 Cheap Tech Stocks to Buy Right Now - The Motley Fool,The Motley Fool
"Tue, 18 Mar 2025 07:00:00 GMT",Nasdaq-100: A benchmark for tomorrow's global economy - invesco.com,invesco.com
"Tue, 18 Mar 2025 07:00:00 GMT",Nasdaq to open new Texas headquarters as companies relocate to state - Reuters,Reuters
"Tue, 18 Mar 2025 07:00:00 GMT",Governor Abbott Touts Texas Economic Success At Nasdaq Luncheon In Dallas - Office of the Texas Governor (.gov),Office of the Texas Governor (.gov)
"Tue, 20 May 2025 07:00:00 GMT","Stock Market News, May 20, 2025: Tech Stocks Fell, Snapping U.S. Market's Winning Streak - The Wall Street Journal",The Wall Street Journal
"Tue, 22 Jul 2025 07:00:00 GMT","Stock market today: S&P 500 ekes out new record amid wave of earnings, trade updates - Yahoo Finance",Yahoo Finance
"Tue, 22 Jul 2025 07:00:00 GMT",5 Things to Know Before the Stock Market Opens - Investopedia,Investopedia
"Tue, 22 Jul 2025 07:00:00 GMT",Exploring Three High Growth Tech Stocks In The US Market - Yahoo Finance,Yahoo Finance
"Tue, 22 Jul 2025 22:04:21 GMT","Dow jumps 500 points, S&P 500 closes at another record on Trump trade deal optimism: Live updates - CNBC",CNBC
"Tue, 24 Jun 2025 07:00:00 GMT",NYSE and Nasdaq monthly market cap of listed companies comparison 2018-2025 - Statista,Statista
"Tue, 24 Jun 2025 07:00:00 GMT",Nasdaq 100 notches first record high close since February - Reuters,Reuters
"Tue, 24 Jun 2025 07:00:00 GMT",Nasdaq 100 Hits Record High as Tech Stocks Soar - Investopedia,Investopedia
"Tue, 29 Apr 2025 07:00:00 GMT",The stock market’s worst first 100 days of any presidential term in more than 50 years - CNN,CNN
"Tue, 29 Apr 2025 07:00:00 GMT",Stock Market Outlook: Bull Market May Not Be Finished - Morgan Stanley,Morgan Stanley
"Tue, 29 Jul 2025 07:00:00 GMT","Stock Market Today: Dow Falls 200 Points, Nasdaq Ends Win Streak; Nvidia Makes This Move (Live Coverage) - Investor's Business Daily",Investor's Business Daily
"Tue, 29 Jul 2025 07:00:00 GMT","Stock market today: S&P 500, Nasdaq eke out records as markets kick off huge week for US economy - Yahoo Finance",Yahoo Finance
"Tue, 29 Jul 2025 07:00:00 GMT",Stock Market Under the Trump Administration - U.S. Bank,U.S. Bank
"Wed, 02 Apr 2025 07:00:00 GMT",First Quarter 2025 Review & Outlook - Nasdaq,Nasdaq
"Wed, 02 Apr 2025 07:00:00 GMT",Apple leads a drop in tech stocks after Trump tariff announcement - CNBC,CNBC
"Wed, 02 Jul 2025 07:00:00 GMT",The Nasdaq and Tech Stocks Are Nowhere Close to Being in a Bubble - Barron's,Barron's
"Wed, 05 Mar 2025 08:00:00 GMT",Trump bases his success on the stock market. He’s been awfully quiet about it lately - CNN,CNN
"Wed, 06 Aug 2025 01:52:00 GMT","Stock Market News, Aug. 5, 2025: Trump Says Chip, Pharma Tariffs Coming Soon; Nasdaq Drops - The Wall Street Journal",The Wall Street Journal
"Wed, 06 Aug 2025 09:59:00 GMT",S&P 500 closes higher Wednesday as Apple lifts market: Live updates - CNBC,CNBC
"Wed, 06 Aug 2025 12:09:59 GMT","Stock market today: Dow, S&P 500, Nasdaq fall as Wall Street digests earnings, Trump tariffs - Yahoo Finance",Yahoo Finance
"Wed, 06 Aug 2025 15:00:36 GMT","Stock market today: Dow, S&P 500, Nasdaq inch higher as earnings take center stage - Yahoo Finance",Yahoo Finance
"Wed, 06 Aug 2025 16:34:23 GMT","Stock market today: Dow, S&P 500, Nasdaq rise as earnings take center stage - Yahoo Finance",Yahoo Finance
"Wed, 09 Apr 2025 07:00:00 GMT",Nasdaq Soars to Best Day Since 2001 After Trump Pauses Some Tariffs - The Wall Street Journal,The Wall Street Journal
"Wed, 09 Apr 2025 07:00:00 GMT",How Trump's tariffs are driving tech stocks into an 'economic armageddon' - USA Today,USA Today
"Wed, 09 Apr 2025 07:00:00 GMT",U.S. stocks soar in an incredible rally after Trump pauses many of his tariffs - NPR,NPR
"Wed, 09 Jul 2025 07:00:00 GMT",Exploring US High Growth Tech Stocks In The Market - Yahoo Finance,Yahoo Finance
"Wed, 09 Jul 2025 07:00:00 GMT","June, Second Quarter 2025 Review and Outlook - Nasdaq",Nasdaq
"Wed, 09 Jul 2025 07:00:00 GMT",10 Under-the-Radar Tech Stocks With Incredible Growth Potential - The Motley Fool,The Motley Fool
"Wed, 09 Jul 2025 07:00:00 GMT","Markets News, July 9, 2025: Nasdaq Composite Closes at New High as Nvidia Leads Tech Stock Rally; Bitcoin Tops $112,000 for First Record Since May - Investopedia",Investopedia
"Wed, 09 Jul 2025 07:00:00 GMT",US High Growth Tech Stocks Leading The Market - Yahoo Finance,Yahoo Finance
"Wed, 09 Jul 2025 07:00:00 GMT",Gains for tech stocks push Nasdaq to another record - Los Angeles Times,Los Angeles Times
"Wed, 09 Jul 2025 07:00:00 GMT",High Growth Tech Stocks To Watch In July 2025 - Yahoo Finance,Yahoo Finance
"Wed, 09 Jul 2025 07:00:00 GMT","Stock Market News from July 9, 2025: Nasdaq Hits Record - Barron's",Barron's
"Wed, 11 Jun 2025 07:00:00 GMT",The Basics of Tech Stocks: 10 Tips Every New Investor Needs To Know - Investopedia,Investopedia
"Wed, 12 Mar 2025 07:00:00 GMT",S&P 500 Gains and Losses Today: Tech Stocks Bounce Back After Soft Inflation Data - Investopedia,Investopedia
"Wed, 12 Mar 2025 07:00:00 GMT","S&P and Nasdaq close up, Dow closes down after turbulent day amid trade war - ABC News",ABC News
"Wed, 16 Apr 2025 07:00:00 GMT",Why AMD Stock Plummeted Today - Nasdaq,Nasdaq
"Wed, 16 Apr 2025 07:00:00 GMT",Is Bitcoin Trading Like Tech Stocks? - Morningstar,Morningstar
"Wed, 16 Apr 2025 07:00:00 GMT",S&P 500 sinks as tech stocks fall amid thickening fog of Trump’s trade war - PBS,PBS
"Wed, 16 Apr 2025 07:00:00 GMT","Trade Tensions Weigh Down Nvidia, Tech Stocks - The Wall Street Journal",The Wall Street Journal
"Wed, 16 Jul 2025 07:00:00 GMT","Nvidia, Meta, Google, Microsoft, and other giant tech stocks have one important challenge coming up - Yahoo Finance",Yahoo Finance
"Wed, 16 Jul 2025 07:00:00 GMT","Stock market today: Dow, S&P 500, Nasdaq end higher after Trump's Powell talk sparks volatile trading - Yahoo Finance",Yahoo Finance
"Wed, 16 Jul 2025 07:00:00 GMT","Stock Market News From July 16, 2025: Nasdaq Hits New High - Barron's",Barron's
"Wed, 23 Apr 2025 07:00:00 GMT",Why American tech stocks are newly vulnerable - The Economist,The Economist
"Wed, 23 Jul 2025 07:00:00 GMT",S&P 500 and Nasdaq rally to record highs on optimism about trade deals - Reuters,Reuters
"Wed, 23 Jul 2025 07:00:00 GMT","Stock market today: S&P 500, Nasdaq hit records, Dow closes in as trade hopes lift stocks before Tesla, Google - Yahoo Finance",Yahoo Finance
"Wed, 23 Jul 2025 07:00:00 GMT",US High Growth Tech Stocks To Watch In July 2025 - Yahoo Finance,Yahoo Finance
"Wed, 23 Jul 2025 07:00:00 GMT",The stock market is on a hot streak. It’s about to face a huge test - CNN,CNN
"Wed, 25 Jun 2025 07:00:00 GMT",The stock market is surging. Will it last? - ABC News,ABC News
"Wed, 25 Jun 2025 07:00:00 GMT",Stunning turnaround: The stock market is on the verge of an all-time record - CNN,CNN
"Wed, 25 Jun 2025 07:00:00 GMT",3 Top Tech Stocks to Buy Right Now - The Motley Fool,The Motley Fool
"Wed, 25 Jun 2025 07:00:00 GMT",9 Under-the-Radar Tech Stocks With Incredible Growth Potential - The Motley Fool,The Motley Fool
"Wed, 26 Mar 2025 07:00:00 GMT","The stock market is not the economy, but this time they really are sinking together - Economic Policy Institute",Economic Policy Institute
"Wed, 28 May 2025 07:00:00 GMT",New Fortress Energy receives notice from Nasdaq for non-compliance - Reuters,Reuters
"Wed, 28 May 2025 07:00:00 GMT","Stock market today: Dow, S&P 500, Nasdaq slipped as Wall Street braced for Nvidia's earnings - Yahoo Finance",Yahoo Finance
"Wed, 30 Apr 2025 07:00:00 GMT",100 days: The US stock market's rollercoaster ride since Trump took office - CNN,CNN
"Wed, 30 Jul 2025 07:00:00 GMT","Stock Market Today: Dow Drops After Fed Powell Comments; Meta, Microsoft Soar On Earnings (Live Coverage) - Investor's Business Daily",Investor's Business Daily
"Wed, 30 Jul 2025 07:00:00 GMT","Stock market today: Dow, S&P 500, Nasdaq mixed as Fed holds rates, Powell says 'no decisions' on September - Yahoo Finance",Yahoo Finance
"Wed, 30 Jul 2025 11:35:10 GMT",5 Things to Know Before the Stock Market Opens - Investopedia,Investopedia
